Year,Rank,Player,Position,Team,Level,ETA,Current Age,Height/Weight,Bats,Throws
2011,1,Mike Trout,OF,Los Angeles Angels,MLB,,33,N/A,R,R
2011,2,Jeremy Hellickson,P,Washington Nationals,MLB,,37,N/A,R,R
2011,3,Bryce Harper,OF,Philadelphia Phillies,MLB,,32,N/A,L,R
2011,4,Domonic Brown,LF,-,-,,37,N/A,L,L
2011,5,Dustin Ackley,2B,Seattle Mariners,MLB,,36,N/A,L,R
2011,6,Aroldis Chapman,P,Boston Red Sox,MLB,,36,N/A,L,L
2011,7,Mike Moustakas,3B,Chicago White Sox,MLB,,36,N/A,L,R
2011,8,Eric Hosmer,1B,Chicago Cubs,MLB,,35,N/A,L,L
2011,9,Jesus Montero,C,-,-,,35,N/A,R,R
2011,10,Julio Teheran,RHP,-,-,,34,N/A,R,R
2011,11,Desmond Jennings,CF,-,-,,38,N/A,R,R
2011,12,Kyle Drabek,P,-,-,,37,N/A,R,R
2011,13,Michael Pineda,P,Detroit Tigers,MLB,,36,N/A,R,R
2011,14,Mike Montgomery,LHP,Los Angeles Dodgers,AAA,,35,N/A,L,L
2011,15,Jacob Turner,RHP,Detroit Tigers,AAA,,33,N/A,R,R
2011,16,Wil Myers,OF,Cincinnati Reds,MLB,,34,N/A,R,R
2011,17,Freddie Freeman,1B,Los Angeles Dodgers,MLB,,35,N/A,L,R
2011,18,Jameson Taillon,RHP,Chicago Cubs,MLB,,33,N/A,R,R
2011,19,Zack Britton,P,New York Yankees,MLB,,37,N/A,L,L
2011,20,Shelby Miller,RHP,Detroit Tigers,MLB,,34,N/A,R,R
2011,21,Mike Minor,P,Cincinnati Reds,MLB,,37,N/A,R,L
2011,22,Casey Kelly,RHP,Cincinnati Reds,AAA,,35,N/A,R,R
2011,23,Martín Pérez,LHP,Chicago White Sox,MLB,,33,N/A,L,L
2011,24,Manny Machado,SS,San Diego Padres,MLB,,32,N/A,R,R
2011,25,Chris Sale,P,Atlanta Braves,MLB,,35,N/A,L,L
2011,26,Brandon Belt,DH,Toronto Blue Jays,MLB,,36,N/A,L,L
2011,27,Matt Moore,LHP,Los Angeles Angels,MLB,,35,N/A,L,L
2011,28,Brett Lawrie,3B,Chicago White Sox,MLB,,35,N/A,R,R
2011,29,Jarrod Parker,RHP,Milwaukee Brewers,AAA,,36,N/A,R,R
2011,30,Jon Singleton,1B,Houston Astros,MLB,,33,N/A,L,L
2011,31,Jordan Lyles,P,Los Angeles Dodgers,AAA,,34,N/A,R,R
2011,32,Gary Sánchez,C,Baltimore Orioles,MLB,,32,N/A,R,R
2011,33,Tyler Matzek,LHP,Atlanta Braves,AAA,,34,N/A,L,L
2011,34,John Lamb,LHP,Los Angeles Angels,AAA,,34,N/A,L,L
2011,35,Manny Banuelos,LHP,-,-,,33,N/A,R,L
2011,36,Lonnie Chisenhall,3B,Pittsburgh Pirates,MLB,,36,N/A,L,R
2011,37,Jake Odorizzi,RHP,Tampa Bay Rays,AAA,,34,N/A,R,R
2011,38,Nick Franklin,SS,-,-,,33,N/A,S,R
2011,39,Aaron Hicks,OF,Los Angeles Angels,MLB,,35,N/A,S,R
2011,40,Kyle Gibson,RHP,St. Louis Cardinals,MLB,,37,N/A,R,R
2011,41,Wilin Rosario,C,-,-,,35,N/A,R,R
2011,42,Jose Iglesias,SS,New York Mets,MLB,,35,N/A,R,R
2011,43,Tanner Scheppers,RHP,-,-,,38,N/A,R,R
2011,44,Dee Strange-Gordon,2B,Washington Nationals,AAA,,36,N/A,L,R
2011,45,Devin Mesoraco,C,New York Mets,AAA,,36,N/A,R,R
2011,46,Brett Jackson,OF,San Francisco Giants,AAA,,36,N/A,L,R
2011,47,Chris Archer,RHP,Minnesota Twins,MLB,,36,N/A,R,R
2011,48,J.P. Arencibia,C,Tampa Bay Rays,AAA,,39,N/A,R,R
2011,49,Yonder Alonso,1B,San Diego Padres,AAA,,37,N/A,L,R
2011,50,Christian Friedrich,LHP,-,-,,37,N/A,R,L
2012,1,Matt Moore,LHP,Los Angeles Angels,MLB,,35,N/A,L,L
2012,2,Bryce Harper,OF,Philadelphia Phillies,MLB,,32,N/A,L,R
2012,3,Mike Trout,OF,Los Angeles Angels,MLB,,33,N/A,R,R
2012,4,Julio Teheran,RHP,-,-,,34,N/A,R,R
2012,5,Shelby Miller,RHP,Detroit Tigers,MLB,,34,N/A,R,R
2012,6,Manny Machado,SS,San Diego Padres,MLB,,32,N/A,R,R
2012,7,Jurickson Profar,SS,Atlanta Braves,MLB,,31,N/A,S,R
2012,8,Jameson Taillon,RHP,Chicago Cubs,MLB,,33,N/A,R,R
2012,9,Trevor Bauer,RHP,-,-,,34,N/A,R,R
2012,10,Dylan Bundy,RHP,New York Mets,AAA,,32,N/A,S,R
2012,11,Gerrit Cole,RHP,New York Yankees,MLB,,34,N/A,R,R
2012,12,Jesus Montero,C,-,-,,35,N/A,R,R
2012,13,Manny Banuelos,LHP,-,-,,33,N/A,R,L
2012,14,Devin Mesoraco,C,New York Mets,AAA,,36,N/A,R,R
2012,15,Jacob Turner,RHP,Detroit Tigers,AAA,,33,N/A,R,R
2012,16,Danny Hultzen,LHP,Chicago Cubs,AAA,,35,N/A,L,L
2012,17,Bubba Starling,OF,Kansas City Royals,AAA,,32,N/A,R,R
2012,18,Taijuan Walker,RHP,Philadelphia Phillies,MLB,,32,N/A,R,R
2012,19,Wil Myers,OF,Cincinnati Reds,MLB,,34,N/A,R,R
2012,20,Archie Bradley,RHP,Miami Marlins,AAA,,32,N/A,R,R
2012,21,Tyler Skaggs,LHP,Los Angeles Angels,MLB,,27,N/A,L,L
2012,22,Nolan Arenado,3B,St. Louis Cardinals,MLB,,33,N/A,R,R
2012,23,Miguel Sanó,3B,-,-,,31,N/A,R,R
2012,24,Drew Pomeranz,LHP,Seattle Mariners,AAA,,36,N/A,R,L
2012,25,Travis d'Arnaud,C,Los Angeles Angels,MLB,,35,N/A,R,R
2012,26,Jarrod Parker,RHP,Milwaukee Brewers,AAA,,36,N/A,R,R
2012,27,Anthony Rendon,3B,Los Angeles Angels,MLB,,34,N/A,R,R
2012,28,Zack Wheeler,RHP,Philadelphia Phillies,MLB,,34,N/A,L,R
2012,29,Martín Pérez,LHP,Chicago White Sox,MLB,,33,N/A,L,L
2012,30,Carlos Martinez,RHP,-,-,,33,N/A,R,R
2012,31,Mike Montgomery,LHP,Los Angeles Dodgers,AAA,,35,N/A,L,L
2012,32,Francisco Lindor,SS,New York Mets,MLB,,31,N/A,S,R
2012,33,Brett Jackson,OF,San Francisco Giants,AAA,,36,N/A,L,R
2012,34,Billy Hamilton,OF,-,-,,34,N/A,S,R
2012,35,Christian Yelich,OF,Milwaukee Brewers,MLB,,33,N/A,L,R
2012,36,Arodys Vizcaíno,RHP,-,-,,34,N/A,R,R
2012,37,Anthony Rizzo,1B,New York Yankees,MLB,,35,N/A,L,L
2012,38,Matt Harvey,RHP,Baltimore Orioles,AAA,,35,N/A,R,R
2012,39,Yonder Alonso,1B,San Diego Padres,AAA,,37,N/A,L,R
2012,40,Starling Marte,OF,New York Mets,MLB,,36,N/A,R,R
2012,41,Dellin Betances,RHP,Los Angeles Dodgers,AAA,,36,N/A,R,R
2012,42,Randall Delgado,RHP,-,-,,34,N/A,R,R
2012,43,Mike Olt,3B,-,-,,36,N/A,R,R
2012,44,Jon Singleton,1B,Houston Astros,MLB,,33,N/A,L,L
2012,45,Zach Lee,RHP,Colorado Rockies,AAA,,33,N/A,R,R
2012,46,Hak-Ju Lee,SS,San Francisco Giants,AAA,,34,N/A,L,R
2012,47,Jake Odorizzi,RHP,Tampa Bay Rays,AAA,,34,N/A,R,R
2012,48,Gary Brown,OF,-,-,,36,N/A,R,R
2012,49,Wily Peralta,RHP,-,-,,35,N/A,R,R
2012,50,Casey Kelly,RHP,Cincinnati Reds,AAA,,35,N/A,R,R
2012,51,Nick Castellanos,3B,Philadelphia Phillies,MLB,,32,N/A,R,R
2012,52,Nick Franklin,SS,-,-,,33,N/A,S,R
2012,53,Gary Sánchez,C,Baltimore Orioles,MLB,,32,N/A,R,R
2012,54,Trevor May,RHP,Athletics,MLB,,35,N/A,R,R
2012,55,Jean Segura,SS,-,-,,34,N/A,R,R
2012,56,Will Middlebrooks,3B,Philadelphia Phillies,A,,36,N/A,R,R
2012,57,Anthony Gose,OF,New York Mets,AAA,,34,N/A,L,L
2012,58,Jake Marisnick,OF,Los Angeles Angels,AAA,,33,N/A,R,R
2012,59,Michael Choice,OF,-,-,,35,N/A,R,R
2012,60,Rymer Liriano,OF,-,-,,33,N/A,R,R
2012,61,Jarred Cosart,RHP,San Diego Padres,AAA,,34,N/A,R,R
2012,62,Javier Báez,SS,Detroit Tigers,MLB,,32,N/A,R,R
2012,63,Wilin Rosario,C,-,-,,35,N/A,R,R
2012,64,Bryce Brentz,OF,-,-,,36,N/A,R,R
2012,65,Andrelton Simmons,SS,Chicago Cubs,MLB,,35,N/A,R,R
2012,66,Chad Bettis,RHP,New York Yankees,AAA,,35,N/A,R,R
2012,67,Garrett Richards,RHP,Texas Rangers,MLB,,36,N/A,R,R
2012,68,Yasmani Grandal,C,Pittsburgh Pirates,MLB,,36,N/A,S,R
2012,69,Josh Bell,1B/OF,Washington Nationals,MLB,,32,N/A,S,R
2012,70,Nathan Eovaldi,P,Texas Rangers,MLB,,34,N/A,R,R
2012,71,Jedd Gyorko,2B/3B,Milwaukee Brewers,MLB,,36,N/A,R,R
2012,72,Aaron Hicks,OF,Los Angeles Angels,MLB,,35,N/A,S,R
2012,73,Mason Williams,OF,New York Mets,AAA,,33,N/A,L,R
2012,74,Chris Archer,RHP,Minnesota Twins,MLB,,36,N/A,R,R
2012,75,Brad Peacock,RHP,Minnesota Twins,AAA,,37,N/A,R,R
2012,76,Xander Bogaerts,SS,San Diego Padres,MLB,,32,N/A,R,R
2012,77,James Paxton,LHP,Boston Red Sox,MLB,,36,N/A,L,L
2012,78,Jesse Biddle,LHP,Arizona Diamondbacks,AAA,,33,N/A,L,L
2012,79,Allen Webster,RHP,Washington Nationals,AA,,34,N/A,R,R
2012,80,Brody Colvin,RHP,Philadelphia Phillies,A,,34,N/A,R,R
2012,81,Cory Spangenberg,2B/OF/3B,St. Louis Cardinals,AAA,,33,N/A,L,R
2012,82,Drew Smyly,LHP,Chicago Cubs,MLB,,35,N/A,L,L
2012,83,Alex Meyer,RHP,Los Angeles Angels,AAA,,35,N/A,R,R
2012,84,George Springer,OF,Toronto Blue Jays,MLB,,35,N/A,R,R
2012,85,Sonny Gray,RHP,St. Louis Cardinals,MLB,,35,N/A,R,R
2012,86,Sammy Solís,LHP,-,-,,36,N/A,R,L
2012,87,Matt Dominguez,3B,Boston Red Sox,AAA,,35,N/A,R,R
2012,88,A.J. Cole,RHP,-,-,,33,N/A,R,R
2012,89,Leonys Martin,OF,-,-,,36,N/A,L,R
2012,90,Jeurys Familia,RHP,-,-,,35,N/A,R,R
2012,91,Christian Bethancourt,C,Toronto Blue Jays,AAA,,33,N/A,R,R
2012,92,Tim Beckham,SS/2B,Minnesota Twins,AAA,,35,N/A,R,R
2012,93,Ryan Lavarnway,C,-,-,,37,N/A,R,R
2012,94,Grant Green,2B,-,-,,37,N/A,R,R
2012,95,Noah Syndergaard,RHP,Cleveland Guardians,MLB,,32,N/A,L,R
2012,96,Mikie Mahtook,OF,Chicago White Sox,AAA,,35,N/A,R,R
2012,97,Jed Bradley,LHP,-,-,,34,N/A,L,L
2012,98,Francisco Peguero,OF,-,-,,36,N/A,R,R
2012,99,Taylor Guerrieri,RHP,Philadelphia Phillies,AAA,,32,N/A,R,R
2012,100,Addison Reed,RHP,Minnesota Twins,MLB,,36,N/A,L,R
2013,1,Jurickson Profar,SS,Atlanta Braves,MLB,,31,N/A,S,R
2013,2,Dylan Bundy,RHP,New York Mets,AAA,,32,N/A,S,R
2013,3,Oscar Taveras,OF,St. Louis Cardinals,MLB,,22,N/A,L,L
2013,4,Wil Myers,OF,Cincinnati Reds,MLB,,34,N/A,R,R
2013,5,Taijuan Walker,RHP,Philadelphia Phillies,MLB,,32,N/A,R,R
2013,6,Travis d'Arnaud,C,Los Angeles Angels,MLB,,35,N/A,R,R
2013,7,José Fernández,RHP,Miami Marlins,MLB,,24,N/A,R,R
2013,8,Zack Wheeler,RHP,Philadelphia Phillies,MLB,,34,N/A,L,R
2013,9,Gerrit Cole,RHP,New York Yankees,MLB,,34,N/A,R,R
2013,10,Tyler Skaggs,LHP,Los Angeles Angels,MLB,,27,N/A,L,L
2013,11,Billy Hamilton,OF,-,-,,34,N/A,S,R
2013,12,Miguel Sanó,3B,-,-,,31,N/A,R,R
2013,13,Christian Yelich,OF,Milwaukee Brewers,MLB,,33,N/A,L,R
2013,14,Francisco Lindor,SS,New York Mets,MLB,,31,N/A,S,R
2013,15,Jameson Taillon,RHP,Chicago Cubs,MLB,,33,N/A,R,R
2013,16,Javier Báez,SS,Detroit Tigers,MLB,,32,N/A,R,R
2013,17,Trevor Bauer,RHP,-,-,,34,N/A,R,R
2013,18,Danny Hultzen,LHP,Chicago Cubs,AAA,,35,N/A,L,L
2013,19,Byron Buxton,OF,Minnesota Twins,MLB,,31,N/A,R,R
2013,20,Xander Bogaerts,SS,San Diego Padres,MLB,,32,N/A,R,R
2013,21,Nick Castellanos,3B,Philadelphia Phillies,MLB,,32,N/A,R,R
2013,22,Mike Olt,3B,-,-,,36,N/A,R,R
2013,23,Mike Zunino,C,Cleveland Guardians,MLB,,33,N/A,R,R
2013,24,Archie Bradley,RHP,Miami Marlins,AAA,,32,N/A,R,R
2013,25,Shelby Miller,RHP,Detroit Tigers,MLB,,34,N/A,R,R
2013,26,Bubba Starling,OF,Kansas City Royals,AAA,,32,N/A,R,R
2013,27,Jon Singleton,1B,Houston Astros,MLB,,33,N/A,L,L
2013,28,Anthony Rendon,3B,Los Angeles Angels,MLB,,34,N/A,R,R
2013,29,Noah Syndergaard,RHP,Cleveland Guardians,MLB,,32,N/A,L,R
2013,30,Carlos Correa,SS,Minnesota Twins,MLB,,30,N/A,R,R
2013,31,Julio Teheran,RHP,-,-,,34,N/A,R,R
2013,32,Jackie Bradley Jr.,OF,New York Mets,AAA,,34,N/A,L,R
2013,33,Carlos Martinez,RHP,-,-,,33,N/A,R,R
2013,34,Kyle Zimmer,RHP,Cincinnati Reds,AAA,,33,N/A,R,R
2013,35,Aaron Sanchez,RHP,Toronto Blue Jays,AAA,,32,N/A,R,R
2013,36,Gary Sánchez,C,Baltimore Orioles,MLB,,32,N/A,R,R
2013,37,Kevin Gausman,RHP,Toronto Blue Jays,MLB,,34,N/A,L,R
2013,38,Matt Barnes,RHP,Washington Nationals,AAA,,34,N/A,R,R
2013,39,Albert Almora Jr.,OF,Arizona Diamondbacks,AAA,,30,N/A,R,R
2013,40,Alex Meyer,RHP,Los Angeles Angels,AAA,,35,N/A,R,R
2013,41,Mason Williams,OF,New York Mets,AAA,,33,N/A,L,R
2013,42,Jorge Soler,OF,Los Angeles Angels,MLB,,32,N/A,R,R
2013,43,Trevor Rosenthal,RHP,Detroit Tigers,AAA,,34,N/A,R,R
2013,44,Taylor Guerrieri,RHP,Philadelphia Phillies,AAA,,32,N/A,R,R
2013,45,Jake Odorizzi,RHP,Tampa Bay Rays,AAA,,34,N/A,R,R
2013,46,Chris Archer,RHP,Minnesota Twins,MLB,,36,N/A,R,R
2013,47,Nick Franklin,SS,-,-,,33,N/A,S,R
2013,48,Addison Russell,SS,-,-,,31,N/A,R,R
2013,49,Kyle Gibson,RHP,St. Louis Cardinals,MLB,,37,N/A,R,R
2013,50,Jedd Gyorko,2B/3B,Milwaukee Brewers,MLB,,36,N/A,R,R
2013,51,Robert Stephenson,RHP,Los Angeles Angels,MLB,,31,N/A,R,R
2013,52,Brian Goodwin,OF,-,-,,34,N/A,L,R
2013,53,Max Fried,LHP,New York Yankees,MLB,,31,N/A,L,L
2013,54,Alen Hanson,2B/OF,-,-,,32,N/A,S,R
2013,55,Rymer Liriano,OF,-,-,,33,N/A,R,R
2013,56,Hak-Ju Lee,SS,San Francisco Giants,AAA,,34,N/A,L,R
2013,57,George Springer,OF,Toronto Blue Jays,MLB,,35,N/A,R,R
2013,58,David Dahl,OF,Philadelphia Phillies,AAA,,30,N/A,L,R
2013,59,Yordano Ventura,RHP,Kansas City Royals,MLB,,25,N/A,R,R
2013,60,Jesse Biddle,LHP,Arizona Diamondbacks,AAA,,33,N/A,L,L
2013,61,James Paxton,LHP,Boston Red Sox,MLB,,36,N/A,L,L
2013,62,Nolan Arenado,3B,St. Louis Cardinals,MLB,,33,N/A,R,R
2013,63,Didi Gregorius,SS,-,-,,34,N/A,L,R
2013,64,Wily Peralta,RHP,-,-,,35,N/A,R,R
2013,65,Gregory Polanco,OF,Toronto Blue Jays,AAA,,33,N/A,L,L
2013,66,Tony Cingrani,LHP,Chicago Cubs,AAA,,35,N/A,L,L
2013,67,Kaleb Cowart,INF,New York Yankees,A+,,32,N/A,S,R
2013,68,Courtney Hawkins,OF,-,-,,31,N/A,R,R
2013,69,Casey Kelly,RHP,Cincinnati Reds,AAA,,35,N/A,R,R
2013,70,Jake Marisnick,OF,Los Angeles Angels,AAA,,33,N/A,R,R
2013,71,Allen Webster,RHP,Washington Nationals,AA,,34,N/A,R,R
2013,72,Justin Nicolino,LHP,-,-,,33,N/A,L,L
2013,73,Austin Hedges,C,Cleveland Guardians,MLB,,32,N/A,R,R
2013,74,Lucas Giolito,RHP,Boston Red Sox,MLB,,30,N/A,R,R
2013,75,Tyler Austin,1B,San Diego Padres,AA,,33,N/A,R,R
2013,76,Yasiel Puig,OF,-,-,,34,N/A,R,R
2013,77,Matt Davidson,3B,Athletics,AAA,,33,N/A,R,R
2013,78,Zach Lee,RHP,Colorado Rockies,AAA,,33,N/A,R,R
2013,79,Kolten Wong,2B,Arizona Diamondbacks,AAA,,34,N/A,L,R
2013,80,Ethan Martin,RHP,Atlanta Braves,AAA,,35,N/A,R,R
2013,81,Andrew Heaney,LHP,Texas Rangers,MLB,,33,N/A,L,L
2013,82,Adeiny Hechavarría,SS,-,-,,35,N/A,R,R
2013,83,Michael Wacha,RHP,Kansas City Royals,MLB,,33,N/A,R,R
2013,84,Luis Sardinas,SS,-,-,,31,N/A,S,R
2013,85,Joc Pederson,OF,Texas Rangers,MLB,,32,N/A,L,L
2013,86,Kyle Crick,RHP,New York Mets,AAA,,32,N/A,L,R
2013,87,Cody Buckel,RHP,Los Angeles Angels,AA,,32,N/A,R,R
2013,88,Jorge Alfaro,C,Milwaukee Brewers,AAA,,31,N/A,R,R
2013,89,Jarred Cosart,RHP,San Diego Padres,AAA,,34,N/A,R,R
2013,90,Roberto Osuna,RHP,-,-,,30,N/A,R,R
2013,91,A.J. Cole,RHP,-,-,,33,N/A,R,R
2013,92,Bruce Rondón,RHP,-,-,,34,N/A,R,R
2013,93,Orlando Arcia,SS,Atlanta Braves,MLB,,30,N/A,R,R
2013,94,Henry Owens,LHP,-,-,,45,N/A,R,R
2013,95,Martín Pérez,LHP,Chicago White Sox,MLB,,33,N/A,L,L
2013,96,Jose Iglesias,SS,New York Mets,MLB,,35,N/A,R,R
2013,97,Adam Eaton,OF,-,-,,47,N/A,R,R
2013,98,Aaron Hicks,OF,Los Angeles Angels,MLB,,35,N/A,S,R
2013,99,Trevor Story,INF,Boston Red Sox,MLB,,32,N/A,R,R
2013,100,Gary Brown,OF,-,-,,36,N/A,R,R
2014,1,Byron Buxton,OF,Minnesota Twins,MLB,,31,N/A,R,R
2014,2,Xander Bogaerts,SS,San Diego Padres,MLB,,32,N/A,R,R
2014,3,Oscar Taveras,OF,St. Louis Cardinals,MLB,,22,N/A,L,L
2014,4,Miguel Sanó,3B,-,-,,31,N/A,R,R
2014,5,Archie Bradley,RHP,Miami Marlins,AAA,,32,N/A,R,R
2014,6,Taijuan Walker,RHP,Philadelphia Phillies,MLB,,32,N/A,R,R
2014,7,Javier Báez,SS,Detroit Tigers,MLB,,32,N/A,R,R
2014,8,Carlos Correa,SS,Minnesota Twins,MLB,,30,N/A,R,R
2014,9,Kris Bryant,3B,Colorado Rockies,MLB,,33,N/A,R,R
2014,10,Francisco Lindor,SS,New York Mets,MLB,,31,N/A,S,R
2014,11,Noah Syndergaard,RHP,Cleveland Guardians,MLB,,32,N/A,L,R
2014,12,Addison Russell,SS,-,-,,31,N/A,R,R
2014,13,Gregory Polanco,OF,Toronto Blue Jays,AAA,,33,N/A,L,L
2014,14,Jon Gray,RHP,Texas Rangers,MLB,,33,N/A,R,R
2014,15,Nick Castellanos,3B,Philadelphia Phillies,MLB,,32,N/A,R,R
2014,16,Jameson Taillon,RHP,Chicago Cubs,MLB,,33,N/A,R,R
2014,17,Mark Appel,RHP,Philadelphia Phillies,AAA,,33,N/A,R,R
2014,18,Albert Almora Jr.,OF,Arizona Diamondbacks,AAA,,30,N/A,R,R
2014,19,Robert Stephenson,RHP,Los Angeles Angels,MLB,,31,N/A,R,R
2014,20,Dylan Bundy,RHP,New York Mets,AAA,,32,N/A,S,R
2014,21,George Springer,OF,Toronto Blue Jays,MLB,,35,N/A,R,R
2014,22,Travis d'Arnaud,C,Los Angeles Angels,MLB,,35,N/A,R,R
2014,23,Aaron Sanchez,RHP,Toronto Blue Jays,AAA,,32,N/A,R,R
2014,24,Austin Hedges,C,Cleveland Guardians,MLB,,32,N/A,R,R
2014,25,Kyle Zimmer,RHP,Cincinnati Reds,AAA,,33,N/A,R,R
2014,26,Maikel Franco,3B/1B,-,-,,32,N/A,R,R
2014,27,Tyler Glasnow,RHP,Los Angeles Dodgers,MLB,,31,N/A,L,R
2014,28,Alex Meyer,RHP,Los Angeles Angels,AAA,,35,N/A,R,R
2014,29,Andrew Heaney,LHP,Texas Rangers,MLB,,33,N/A,L,L
2014,30,Henry Owens,LHP,-,-,,45,N/A,R,R
2014,31,Kevin Gausman,RHP,Toronto Blue Jays,MLB,,34,N/A,L,R
2014,32,Kyle Crick,RHP,New York Mets,AAA,,32,N/A,L,R
2014,33,Jackie Bradley Jr.,OF,New York Mets,AAA,,34,N/A,L,R
2014,34,Corey Seager,SS/3B,Texas Rangers,MLB,,30,N/A,L,R
2014,35,Yordano Ventura,RHP,Kansas City Royals,MLB,,25,N/A,R,R
2014,36,Joc Pederson,OF,Texas Rangers,MLB,,32,N/A,L,L
2014,37,Billy Hamilton,OF,-,-,,34,N/A,S,R
2014,38,Adalberto Mondesi,SS,Boston Red Sox,MLB,,29,N/A,S,R
2014,39,Jorge Alfaro,C,Milwaukee Brewers,AAA,,31,N/A,R,R
2014,40,Kohl Stewart,RHP,Kansas City Royals,AAA,,30,N/A,R,R
2014,41,Eddie Butler,RHP,-,-,,33,N/A,R,R
2014,42,Carl Edwards Jr.,RHP,-,-,,33,N/A,R,R
2014,43,Max Fried,LHP,New York Yankees,MLB,,31,N/A,L,L
2014,44,Lucas Giolito,RHP,Boston Red Sox,MLB,,30,N/A,R,R
2014,45,Austin Meadows,OF,Detroit Tigers,MLB,,29,N/A,L,L
2014,46,Allen Webster,RHP,Washington Nationals,AA,,34,N/A,R,R
2014,47,Gary Sánchez,C,Baltimore Orioles,MLB,,32,N/A,R,R
2014,48,Clint Frazier,OF,Chicago White Sox,AAA,,30,N/A,R,R
2014,49,Jorge Soler,OF,Los Angeles Angels,MLB,,32,N/A,R,R
2014,50,Jon Singleton,1B,Houston Astros,MLB,,33,N/A,L,L
2014,51,Colin Moran,3B/1B,Seattle Mariners,AAA,,32,N/A,L,R
2014,52,Lance McCullers Jr.,RHP,Houston Astros,MLB,,31,N/A,L,R
2014,53,Jesse Biddle,LHP,Arizona Diamondbacks,AAA,,33,N/A,L,L
2014,54,Mike Foltynewicz,RHP,Texas Rangers,MLB,,33,N/A,R,R
2014,55,Marcus Stroman,RHP,New York Yankees,MLB,,33,N/A,R,R
2014,56,Jake Odorizzi,RHP,Tampa Bay Rays,AAA,,34,N/A,R,R
2014,57,Garin Cecchini,OF/3B,-,-,,33,N/A,L,R
2014,58,Kolten Wong,2B,Arizona Diamondbacks,AAA,,34,N/A,L,R
2014,59,Rougned Odor,2B,-,-,,31,N/A,L,R
2014,60,Lucas Sims,RHP,Boston Red Sox,MLB,,30,N/A,R,R
2014,61,Blake Swihart,C,-,-,,32,N/A,S,R
2014,62,Mookie Betts,2B/OF,Los Angeles Dodgers,MLB,,32,N/A,R,R
2014,63,Zach Lee,RHP,Colorado Rockies,AAA,,33,N/A,R,R
2014,64,Julio Urías,LHP,Los Angeles Dodgers,MLB,,28,N/A,L,L
2014,65,Jake Marisnick,OF,Los Angeles Angels,AAA,,33,N/A,R,R
2014,66,Delino DeShields,OF,-,-,,32,N/A,R,R
2014,67,Alen Hanson,2B/OF,-,-,,32,N/A,S,R
2014,68,Eduardo Rodriguez,LHP,Arizona Diamondbacks,MLB,,31,N/A,L,L
2014,69,A.J. Cole,RHP,-,-,,33,N/A,R,R
2014,70,Erik Johnson,RHP,San Diego Padres,AAA,,35,N/A,R,R
2014,71,David Dahl,OF,Philadelphia Phillies,AAA,,30,N/A,L,R
2014,72,Michael Choice,OF,-,-,,35,N/A,R,R
2014,73,Trevor Bauer,RHP,-,-,,34,N/A,R,R
2014,74,Josh Bell,1B/OF,Washington Nationals,MLB,,32,N/A,S,R
2014,75,Mason Williams,OF,New York Mets,AAA,,33,N/A,L,R
2014,76,Luis Sardinas,SS,-,-,,31,N/A,S,R
2014,77,Chris Owings,SS,Los Angeles Dodgers,AAA,,33,N/A,R,R
2014,78,Matt Wisler,RHP,Toronto Blue Jays,AAA,,32,N/A,R,R
2014,79,Braden Shipley,RHP,Seattle Mariners,AA,,32,N/A,R,R
2014,80,Matt Davidson,3B,Athletics,AAA,,33,N/A,R,R
2014,81,Justin Nicolino,LHP,-,-,,33,N/A,L,L
2014,82,Christian Bethancourt,C,Toronto Blue Jays,AAA,,33,N/A,R,R
2014,83,Jimmy Nelson,RHP,Los Angeles Dodgers,MLB,,35,N/A,R,R
2014,84,Hak-Ju Lee,SS,San Francisco Giants,AAA,,34,N/A,L,R
2014,85,Rafael Montero,RHP,Houston Astros,AAA,,34,N/A,R,R
2014,86,Matt Barnes,RHP,Washington Nationals,AAA,,34,N/A,R,R
2014,87,Casey Kelly,RHP,Cincinnati Reds,AAA,,35,N/A,R,R
2014,88,D.J. Peterson,1B,Colorado Rockies,AAA,,33,N/A,R,R
2014,89,Arismendy Alcántara,2B/OF,-,-,,33,N/A,S,R
2014,90,José Berríos,RHP,Toronto Blue Jays,MLB,,30,N/A,R,R
2014,91,Jorge Bonifacio,OF,-,-,,31,N/A,R,R
2014,92,Joey Gallo,3B/1B,Washington Nationals,MLB,,31,N/A,L,R
2014,93,Roberto Osuna,RHP,-,-,,30,N/A,R,R
2014,94,Taylor Guerrieri,RHP,Philadelphia Phillies,AAA,,32,N/A,R,R
2014,95,Edwin Escobar,LHP,-,-,,32,N/A,L,L
2014,96,Trey Ball,LHP,Boston Red Sox,A+,,30,N/A,L,L
2014,97,Robbie Ray,LHP,San Francisco Giants,MLB,,33,N/A,L,L
2014,98,Stephen Piscotty,OF,Athletics,AAA,,34,N/A,R,R
2014,99,Rosell Herrera,OF,-,-,,32,N/A,S,R
2014,100,Pierce Johnson,RHP,Atlanta Braves,MLB,,33,N/A,R,R
2015,1,Byron Buxton,OF,Minnesota Twins,MLB,,31,N/A,R,R
2015,2,Kris Bryant,3B,Colorado Rockies,MLB,,33,N/A,R,R
2015,3,Carlos Correa,SS,Minnesota Twins,MLB,,30,N/A,R,R
2015,4,Francisco Lindor,SS,New York Mets,MLB,,31,N/A,S,R
2015,5,Addison Russell,SS,-,-,,31,N/A,R,R
2015,6,Lucas Giolito,RHP,Boston Red Sox,MLB,,30,N/A,R,R
2015,7,Corey Seager,SS/3B,Texas Rangers,MLB,,30,N/A,L,R
2015,8,Julio Urías,LHP,Los Angeles Dodgers,MLB,,28,N/A,L,L
2015,9,Joey Gallo,3B/1B,Washington Nationals,MLB,,31,N/A,L,R
2015,10,Noah Syndergaard,RHP,Cleveland Guardians,MLB,,32,N/A,L,R
2015,11,Miguel Sanó,3B,-,-,,31,N/A,R,R
2015,12,Tyler Glasnow,RHP,Los Angeles Dodgers,MLB,,31,N/A,L,R
2015,13,Joc Pederson,OF,Texas Rangers,MLB,,32,N/A,L,L
2015,14,Carlos Rodón,LHP,New York Yankees,MLB,,32,N/A,L,L
2015,15,Archie Bradley,RHP,Miami Marlins,AAA,,32,N/A,R,R
2015,16,Jon Gray,RHP,Texas Rangers,MLB,,33,N/A,R,R
2015,17,Daniel Norris,LHP,Cleveland Guardians,AAA,,31,N/A,L,L
2015,18,Blake Swihart,C,-,-,,32,N/A,S,R
2015,19,Henry Owens,P,-,-,,32,N/A,L,L
2015,20,Dylan Bundy,RHP,New York Mets,AAA,,32,N/A,S,R
2015,21,J.P. Crawford,SS,Seattle Mariners,MLB,,30,N/A,L,R
2015,22,Jorge Soler,OF,Los Angeles Angels,MLB,,32,N/A,R,R
2015,23,Luis Severino,RHP,Athletics,MLB,,30,N/A,R,R
2015,24,Robert Stephenson,RHP,Los Angeles Angels,MLB,,31,N/A,R,R
2015,25,Andrew Heaney,LHP,Texas Rangers,MLB,,33,N/A,L,L
2015,26,Jesse Winker,OF,New York Mets,MLB,,31,N/A,L,L
2015,27,Tyler Kolek,RHP,Miami Marlins,A,,29,N/A,R,R
2015,28,Alex Jackson,C,New York Yankees,AAA,,29,N/A,R,R
2015,29,Alex Meyer,RHP,Los Angeles Angels,AAA,,35,N/A,R,R
2015,30,Mark Appel,RHP,Philadelphia Phillies,AAA,,33,N/A,R,R
2015,31,Jameson Taillon,RHP,Chicago Cubs,MLB,,33,N/A,R,R
2015,32,José Berríos,RHP,Toronto Blue Jays,MLB,,30,N/A,R,R
2015,33,Nick Gordon,SS/2B,Baltimore Orioles,AAA,,29,N/A,L,R
2015,34,Josh Bell,1B/OF,Washington Nationals,MLB,,32,N/A,S,R
2015,35,Eddie Butler,RHP,-,-,,33,N/A,R,R
2015,36,Kohl Stewart,RHP,Kansas City Royals,AAA,,30,N/A,R,R
2015,37,Aaron Nola,RHP,Philadelphia Phillies,MLB,,31,N/A,R,R
2015,38,José Peraza,2B/OF,-,-,,30,N/A,R,R
2015,39,Braden Shipley,RHP,Seattle Mariners,AA,,32,N/A,R,R
2015,40,Adalberto Mondesi,SS,Boston Red Sox,MLB,,29,N/A,S,R
2015,41,Hunter Harvey,RHP,Kansas City Royals,MLB,,30,N/A,R,R
2015,42,Michael A. Taylor,CF,Pittsburgh Pirates,MLB,,33,N/A,R,R
2015,43,Dalton Pompey,OF,Los Angeles Angels,AAA,,32,N/A,S,R
2015,44,Aaron Sanchez,RHP,Toronto Blue Jays,AAA,,32,N/A,R,R
2015,45,Jorge Alfaro,C,Milwaukee Brewers,AAA,,31,N/A,R,R
2015,46,Austin Meadows,OF,Detroit Tigers,MLB,,29,N/A,L,L
2015,47,Carl Edwards Jr.,RHP,-,-,,33,N/A,R,R
2015,48,Hunter Renfroe,OF,Kansas City Royals,MLB,,33,N/A,R,R
2015,49,Kyle Schwarber,C,Philadelphia Phillies,MLB,,31,N/A,L,R
2015,50,D.J. Peterson,1B,Colorado Rockies,AAA,,33,N/A,R,R
2015,51,Austin Hedges,C,Cleveland Guardians,MLB,,32,N/A,R,R
2015,52,A.J. Cole,RHP,-,-,,33,N/A,R,R
2015,53,Clint Frazier,OF,Chicago White Sox,AAA,,30,N/A,R,R
2015,54,Nomar Mazara,OF,-,-,,29,N/A,L,L
2015,55,Maikel Franco,3B/1B,-,-,,32,N/A,R,R
2015,56,Sean Manaea,LHP,New York Mets,MLB,,33,N/A,R,L
2015,57,Albert Almora Jr.,OF,Arizona Diamondbacks,AAA,,30,N/A,R,R
2015,58,Kyle Zimmer,RHP,Cincinnati Reds,AAA,,33,N/A,R,R
2015,59,David Dahl,OF,Philadelphia Phillies,AAA,,30,N/A,L,R
2015,60,Kyle Freeland,LHP,Colorado Rockies,MLB,,31,N/A,L,L
2015,61,Justin O'Conner,C,-,-,,32,N/A,R,R
2015,62,Trea Turner,2B/SS,Philadelphia Phillies,MLB,,31,N/A,R,R
2015,63,Kevin Plawecki,C,San Diego Padres,AAA,,33,N/A,R,R
2015,64,Reese McGuire,C,Chicago Cubs,AAA,,29,N/A,L,R
2015,65,Daniel Robertson,INF,Atlanta Braves,AAA,,30,N/A,R,R
2015,66,Steven Matz,LHP,St. Louis Cardinals,MLB,,33,N/A,R,L
2015,67,Sean Newcomb,LHP,Boston Red Sox,AAA,,31,N/A,L,L
2015,68,Aaron Judge,OF,New York Yankees,MLB,,32,N/A,R,R
2015,69,Matt Wisler,RHP,Toronto Blue Jays,AAA,,32,N/A,R,R
2015,70,J.T. Realmuto,C,Philadelphia Phillies,MLB,,33,N/A,R,R
2015,71,Domingo Santana,OF,Cleveland Guardians,AAA,,32,N/A,R,R
2015,72,Brandon Nimmo,OF,New York Mets,MLB,,31,N/A,L,R
2015,73,Matt Olson,1B,Atlanta Braves,MLB,,30,N/A,L,R
2015,74,Nick Kingham,RHP,-,-,,33,N/A,R,R
2015,75,Brandon Finnegan,LHP,Chicago White Sox,AAA,,31,N/A,L,L
2015,76,Tim Anderson,SS,Los Angeles Angels,AAA,,31,N/A,R,R
2015,77,Willy Adames,SS/2B,San Francisco Giants,MLB,,29,N/A,R,R
2015,78,Mike Foltynewicz,RHP,Texas Rangers,MLB,,33,N/A,R,R
2015,79,Kyle Crick,RHP,New York Mets,AAA,,32,N/A,L,R
2015,80,Jake Lamb,3B,San Francisco Giants,AAA,,34,N/A,L,R
2015,81,Aaron Blair,RHP,-,-,,32,N/A,R,R
2015,82,Michael Conforto,OF,Los Angeles Dodgers,MLB,,31,N/A,L,R
2015,83,Jake Thompson,RHP,-,-,,31,N/A,R,R
2015,84,Miguel Almonte,RHP,Los Angeles Angels,AAA,,31,N/A,R,R
2015,85,Franklin Barreto,2B/SS,Baltimore Orioles,AAA,,28,N/A,R,R
2015,86,Vince Velasquez,RHP,Pittsburgh Pirates,MLB,,32,N/A,R,R
2015,87,Jeff Hoffman,RHP,Toronto Blue Jays,MLB,,32,N/A,R,R
2015,88,Orlando Arcia,SS,Atlanta Braves,MLB,,30,N/A,R,R
2015,89,Eduardo Rodriguez,LHP,Arizona Diamondbacks,MLB,,31,N/A,L,L
2015,90,Stephen Piscotty,OF,Athletics,AAA,,34,N/A,R,R
2015,91,Frankie Montas,RHP,New York Mets,MLB,,31,N/A,R,R
2015,92,Alen Hanson,2B/OF,-,-,,32,N/A,S,R
2015,93,Christian Bethancourt,C,Toronto Blue Jays,AAA,,33,N/A,R,R
2015,94,Lucas Sims,RHP,Boston Red Sox,MLB,,30,N/A,R,R
2015,95,Grant Holmes,RHP,Atlanta Braves,MLB,,28,N/A,L,R
2015,96,Rafael Devers,3B,Boston Red Sox,MLB,,28,N/A,L,R
2015,97,Chi Chi González,RHP,Miami Marlins,AAA,,33,N/A,R,R
2015,98,Touki Toussaint,RHP,Chicago White Sox,AAA,,28,N/A,R,R
2015,99,Manuel Margot,OF,Minnesota Twins,MLB,,30,N/A,R,R
2015,100,Steven Moya,OF,-,-,,33,N/A,L,R
2016,1,Corey Seager,SS/3B,Texas Rangers,MLB,,30,N/A,L,R
2016,2,Byron Buxton,OF,Minnesota Twins,MLB,,31,N/A,R,R
2016,3,Lucas Giolito,RHP,Boston Red Sox,MLB,,30,N/A,R,R
2016,4,Julio Urías,LHP,Los Angeles Dodgers,MLB,,28,N/A,L,L
2016,5,J.P. Crawford,SS,Seattle Mariners,MLB,,30,N/A,L,R
2016,6,Orlando Arcia,SS,Atlanta Braves,MLB,,30,N/A,R,R
2016,7,Yoán Moncada,2B,-,-,,29,N/A,S,R
2016,8,Dansby Swanson,SS,Chicago Cubs,MLB,,30,N/A,R,R
2016,9,Joey Gallo,3B/1B,Washington Nationals,MLB,,31,N/A,L,R
2016,10,Tyler Glasnow,RHP,Los Angeles Dodgers,MLB,,31,N/A,L,R
2016,11,Trea Turner,2B/SS,Philadelphia Phillies,MLB,,31,N/A,R,R
2016,12,Brendan Rodgers,2B/SS,Colorado Rockies,MLB,,28,N/A,R,R
2016,13,Alex Reyes,RHP,Los Angeles Dodgers,MLB,,30,N/A,R,R
2016,14,Blake Snell,LHP,Los Angeles Dodgers,MLB,,32,N/A,L,L
2016,15,Steven Matz,LHP,St. Louis Cardinals,MLB,,33,N/A,R,L
2016,16,Lewis Brinson,OF,-,-,,30,N/A,R,R
2016,17,Rafael Devers,3B,Boston Red Sox,MLB,,28,N/A,L,R
2016,18,Nomar Mazara,OF,-,-,,29,N/A,L,L
2016,19,José Berríos,RHP,Toronto Blue Jays,MLB,,30,N/A,R,R
2016,20,Austin Meadows,OF,Detroit Tigers,MLB,,29,N/A,L,L
2016,21,Sean Newcomb,LHP,Boston Red Sox,AAA,,31,N/A,L,L
2016,22,Alex Bregman,SS/3B,Houston Astros,MLB,,30,N/A,R,R
2016,23,Franklin Barreto,2B/SS,Baltimore Orioles,AAA,,28,N/A,R,R
2016,24,José De León,RHP,-,-,,32,N/A,R,R
2016,25,Andrew Benintendi,OF,Chicago White Sox,MLB,,30,N/A,L,L
2016,26,Bradley Zimmer,OF,Colorado Rockies,MLB,,32,N/A,L,R
2016,27,Clint Frazier,OF,Chicago White Sox,AAA,,30,N/A,R,R
2016,28,Gleyber Torres,INF,Detroit Tigers,MLB,,28,N/A,R,R
2016,29,Ozzie Albies,2B/SS,Atlanta Braves,MLB,,28,N/A,S,R
2016,30,Jorge Mateo,SS/2B,Baltimore Orioles,MLB,,29,N/A,R,R
2016,31,Aaron Judge,OF,New York Yankees,MLB,,32,N/A,R,R
2016,32,Brett Phillips,OF,New York Yankees,A,,30,N/A,L,R
2016,33,Jon Gray,RHP,Texas Rangers,MLB,,33,N/A,R,R
2016,34,Jesse Winker,OF,New York Mets,MLB,,31,N/A,L,L
2016,35,Robert Stephenson,RHP,Los Angeles Angels,MLB,,31,N/A,R,R
2016,36,Dillon Tate,RHP,Toronto Blue Jays,MLB,,30,N/A,R,R
2016,37,Adalberto Mondesi,SS,Boston Red Sox,MLB,,29,N/A,S,R
2016,38,Carson Fulmer,RHP,Pittsburgh Pirates,AAA,,31,N/A,R,R
2016,39,Anderson Espinoza,RHP,-,-,,26,N/A,R,R
2016,40,AJ Reed,1B,Chicago White Sox,AAA,,31,N/A,L,L
2016,41,Francis Martes,RHP,-,-,,29,N/A,R,R
2016,42,Anthony Alford,OF,-,-,,30,N/A,R,R
2016,43,Brent Honeywell,RHP,Los Angeles Dodgers,MLB,,29,N/A,R,R
2016,44,Max Kepler,OF,Philadelphia Phillies,MLB,,31,N/A,L,L
2016,45,Manuel Margot,OF,Minnesota Twins,MLB,,30,N/A,R,R
2016,46,David Dahl,OF,Philadelphia Phillies,AAA,,30,N/A,L,R
2016,47,Tim Anderson,SS,Los Angeles Angels,AAA,,31,N/A,R,R
2016,48,Ryan McMahon,1B/2B/3B,Colorado Rockies,MLB,,30,N/A,L,R
2016,49,Josh Bell,1B/OF,Washington Nationals,MLB,,32,N/A,S,R
2016,50,Willson Contreras,C/OF,St. Louis Cardinals,MLB,,32,N/A,R,R
2016,51,Dominic Smith,1B,New York Yankees,AAA,,29,N/A,L,L
2016,52,Jeff Hoffman,RHP,Toronto Blue Jays,MLB,,32,N/A,R,R
2016,53,Michael Fulmer,RHP,Boston Red Sox,AAA,,31,N/A,R,R
2016,54,Jameson Taillon,RHP,Chicago Cubs,MLB,,33,N/A,R,R
2016,55,Jake Thompson,RHP,-,-,,31,N/A,R,R
2016,56,Aaron Blair,RHP,-,-,,32,N/A,R,R
2016,57,Jorge López,RHP,Washington Nationals,MLB,,31,N/A,R,R
2016,58,Javy Guerra,RHP,Tampa Bay Rays,AAA,,29,N/A,L,R
2016,59,Gary Sánchez,C,Baltimore Orioles,MLB,,32,N/A,R,R
2016,60,Tyler Jay,LHP,Milwaukee Brewers,AAA,,30,N/A,L,L
2016,61,Josh Hader,LHP,Houston Astros,MLB,,30,N/A,L,L
2016,62,Grant Holmes,RHP,Atlanta Braves,MLB,,28,N/A,L,R
2016,63,Victor Robles,OF,Seattle Mariners,MLB,,27,N/A,R,R
2016,64,Nick Williams,OF,-,-,,31,N/A,L,L
2016,65,Kyle Zimmer,RHP,Cincinnati Reds,AAA,,33,N/A,R,R
2016,66,Cody Reed,LHP,-,-,,31,N/A,L,L
2016,67,Braden Shipley,RHP,Seattle Mariners,AA,,32,N/A,R,R
2016,68,Sean Manaea,LHP,New York Mets,MLB,,33,N/A,R,L
2016,69,Amir Garrett,LHP,-,-,,32,N/A,R,L
2016,70,Mark Appel,RHP,Philadelphia Phillies,AAA,,33,N/A,R,R
2016,71,José Peraza,2B/OF,-,-,,30,N/A,R,R
2016,72,Archie Bradley,RHP,Miami Marlins,AAA,,32,N/A,R,R
2016,73,Luis Ortiz,RHP,New York Mets,AAA,,29,N/A,R,R
2016,74,Kyle Tucker,OF,Chicago Cubs,MLB,,28,N/A,L,R
2016,75,Daz Cameron,OF,Baltimore Orioles,MLB,,28,N/A,R,R
2016,76,Ian Happ,2B/OF,Chicago Cubs,MLB,,30,N/A,S,R
2016,77,Duane Underwood Jr.,RHP,New York Yankees,AAA,,30,N/A,R,R
2016,78,Erick Fedde,RHP,St. Louis Cardinals,MLB,,31,N/A,R,R
2016,79,Amed Rosario,SS,Washington Nationals,MLB,,29,N/A,R,R
2016,80,Jack Flaherty,RHP,Detroit Tigers,MLB,,29,N/A,R,R
2016,81,Willy Adames,SS/2B,San Francisco Giants,MLB,,29,N/A,R,R
2016,82,Christian Arroyo,3B/SS,Milwaukee Brewers,AAA,,29,N/A,R,R
2016,83,Trent Grisham,OF,New York Yankees,MLB,,28,N/A,L,L
2016,84,Cornelius Randolph,OF,-,-,,27,N/A,L,R
2016,85,Hunter Harvey,RHP,Kansas City Royals,MLB,,30,N/A,R,R
2016,86,Albert Almora Jr.,OF,Arizona Diamondbacks,AAA,,30,N/A,R,R
2016,87,Gavin Cecchini,2B/SS,Los Angeles Angels,AAA,,31,N/A,R,R
2016,88,Billy McKinney,OF,Pittsburgh Pirates,AAA,,30,N/A,L,L
2016,89,Kolby Allard,LHP,Cleveland Guardians,AAA,,27,N/A,L,L
2016,90,Forrest Wall,2B,San Diego Padres,AAA,,29,N/A,L,R
2016,91,Nick Gordon,SS/2B,Baltimore Orioles,AAA,,29,N/A,L,R
2016,92,Hunter Renfroe,OF,Kansas City Royals,MLB,,33,N/A,R,R
2016,93,Bobby Bradley,1B,-,-,,28,N/A,L,R
2016,94,Alex Jackson,C,New York Yankees,AAA,,29,N/A,R,R
2016,95,Frankie Montas,RHP,New York Mets,MLB,,31,N/A,R,R
2016,96,Jorge Alfaro,C,Milwaukee Brewers,AAA,,31,N/A,R,R
2016,97,Jorge Polanco,2B,Seattle Mariners,MLB,,31,N/A,S,R
2016,98,Reese McGuire,C,Chicago Cubs,AAA,,29,N/A,L,R
2016,99,Roman Quinn,OF,Colorado Rockies,AAA,,31,N/A,S,R
2016,100,Matt Olson,1B,Atlanta Braves,MLB,,30,N/A,L,R
2017,1,Andrew Benintendi,OF,Chicago White Sox,MLB,,30,N/A,L,L
2017,2,Yoán Moncada,2B,-,-,,29,N/A,S,R
2017,3,Gleyber Torres,INF,Detroit Tigers,MLB,,28,N/A,R,R
2017,4,Dansby Swanson,SS,Chicago Cubs,MLB,,30,N/A,R,R
2017,5,Amed Rosario,SS,Washington Nationals,MLB,,29,N/A,R,R
2017,6,Alex Reyes,RHP,Los Angeles Dodgers,MLB,,30,N/A,R,R
2017,7,J.P. Crawford,SS,Seattle Mariners,MLB,,30,N/A,L,R
2017,8,Victor Robles,OF,Seattle Mariners,MLB,,27,N/A,R,R
2017,9,Tyler Glasnow,RHP,Los Angeles Dodgers,MLB,,31,N/A,L,R
2017,10,Austin Meadows,OF,Detroit Tigers,MLB,,29,N/A,L,L
2017,11,Ozzie Albies,2B/SS,Atlanta Braves,MLB,,28,N/A,S,R
2017,12,Lucas Giolito,RHP,Boston Red Sox,MLB,,30,N/A,R,R
2017,13,Cody Bellinger,1B/OF,New York Yankees,MLB,,29,N/A,L,L
2017,14,Eloy Jiménez,OF,Tampa Bay Rays,AAA,,28,N/A,R,R
2017,15,Brendan Rodgers,2B/SS,Colorado Rockies,MLB,,28,N/A,R,R
2017,16,Michael Kopech,RHP,Los Angeles Dodgers,MLB,,28,N/A,R,R
2017,17,Rafael Devers,3B,Boston Red Sox,MLB,,28,N/A,L,R
2017,18,Lewis Brinson,OF,-,-,,30,N/A,R,R
2017,19,Mickey Moniak,OF,Los Angeles Angels,MLB,,26,N/A,L,R
2017,20,Francis Martes,RHP,-,-,,29,N/A,R,R
2017,21,Willy Adames,SS/2B,San Francisco Giants,MLB,,29,N/A,R,R
2017,22,Bradley Zimmer,OF,Colorado Rockies,MLB,,32,N/A,L,R
2017,23,Manuel Margot,OF,Minnesota Twins,MLB,,30,N/A,R,R
2017,24,Clint Frazier,OF,Chicago White Sox,AAA,,30,N/A,R,R
2017,25,Anderson Espinoza,RHP,-,-,,26,N/A,R,R
2017,26,Nick Senzel,3B/2B/OF,Chicago White Sox,AAA,,29,N/A,R,R
2017,27,Josh Bell,1B/OF,Washington Nationals,MLB,,32,N/A,S,R
2017,28,Ian Happ,2B/OF,Chicago Cubs,MLB,,30,N/A,S,R
2017,29,Kyle Lewis,OF,Arizona Diamondbacks,MLB,,29,N/A,R,R
2017,30,Corey Ray,OF,Milwaukee Brewers,AA,,30,N/A,L,L
2017,31,Brent Honeywell,RHP,Los Angeles Dodgers,MLB,,29,N/A,R,R
2017,32,Kevin Maitan,3B/SS/2B,Minnesota Twins,A+,,24,N/A,S,R
2017,33,José De León,RHP,-,-,,32,N/A,R,R
2017,34,Vladimir Guerrero Jr.,3B,Toronto Blue Jays,MLB,,25,N/A,R,R
2017,35,Kyle Tucker,OF,Chicago Cubs,MLB,,28,N/A,L,R
2017,36,Tyler O'Neill,OF,Baltimore Orioles,MLB,,29,N/A,R,R
2017,37,Blake Rutherford,OF,-,-,,27,N/A,L,R
2017,38,Josh Hader,LHP,Houston Astros,MLB,,30,N/A,L,L
2017,39,Carson Kelly,C,Chicago Cubs,MLB,,30,N/A,R,R
2017,40,Francisco Mejía,C/OF,-,-,,29,N/A,S,R
2017,41,Jay Groome,LHP,San Diego Padres,MLB,,26,N/A,L,L
2017,42,Hunter Renfroe,OF,Kansas City Royals,MLB,,33,N/A,R,R
2017,43,Braxton Garrett,LHP,Miami Marlins,MLB,,27,N/A,R,L
2017,44,Jeff Hoffman,RHP,Toronto Blue Jays,MLB,,32,N/A,R,R
2017,45,Reynaldo López,RHP,Atlanta Braves,MLB,,31,N/A,R,R
2017,46,Aaron Judge,OF,New York Yankees,MLB,,32,N/A,R,R
2017,47,Jorge Mateo,SS/2B,Baltimore Orioles,MLB,,29,N/A,R,R
2017,48,Mitch Keller,RHP,Pittsburgh Pirates,MLB,,28,N/A,R,R
2017,49,Yadier Álvarez,RHP,Los Angeles Dodgers,AAA,,28,N/A,R,R
2017,50,Nick Gordon,SS/2B,Baltimore Orioles,AAA,,29,N/A,L,R
2017,51,Riley Pint,RHP,Cleveland Guardians,AAA,,27,N/A,R,R
2017,52,Franklin Barreto,2B/SS,Baltimore Orioles,AAA,,28,N/A,R,R
2017,53,Kolby Allard,LHP,Cleveland Guardians,AAA,,27,N/A,L,L
2017,54,David Paulino,RHP,Philadelphia Phillies,AAA,,31,N/A,R,R
2017,55,Leody Taveras,OF,Texas Rangers,MLB,,26,N/A,S,R
2017,56,Yohander Méndez,LHP,-,-,,30,N/A,L,L
2017,57,Triston McKenzie,RHP,Cleveland Guardians,MLB,,27,N/A,R,R
2017,58,James Kaprielian,RHP,Toronto Blue Jays,AAA,,30,N/A,R,R
2017,59,Kevin Newman,2B/SS,Los Angeles Angels,MLB,,31,N/A,R,R
2017,60,Erick Fedde,RHP,St. Louis Cardinals,MLB,,31,N/A,R,R
2017,61,Alex Verdugo,OF,New York Yankees,MLB,,28,N/A,L,L
2017,62,Luis Ortiz,RHP,New York Mets,AAA,,29,N/A,R,R
2017,63,Dominic Smith,1B,New York Yankees,AAA,,29,N/A,L,L
2017,64,Sean Reid-Foley,RHP,New York Mets,MLB,,29,N/A,R,R
2017,65,Isan Díaz,2B,-,-,,28,N/A,L,R
2017,66,Amir Garrett,LHP,-,-,,32,N/A,R,L
2017,67,Jesse Winker,OF,New York Mets,MLB,,31,N/A,L,L
2017,68,Luke Weaver,RHP,New York Yankees,MLB,,31,N/A,R,R
2017,69,A.J. Puk,LHP,Arizona Diamondbacks,MLB,,29,N/A,L,L
2017,70,Anthony Alford,OF,-,-,,30,N/A,R,R
2017,71,Carson Fulmer,RHP,Pittsburgh Pirates,AAA,,31,N/A,R,R
2017,72,Jorge Alfaro,C,Milwaukee Brewers,AAA,,31,N/A,R,R
2017,73,Germán Márquez,RHP,Colorado Rockies,MLB,,29,N/A,R,R
2017,74,Matt Manning,RHP,Detroit Tigers,MLB,,27,N/A,R,R
2017,75,Jake Bauers,1B/OF,Milwaukee Brewers,AAA,,29,N/A,L,L
2017,76,Albert Almora Jr.,OF,Arizona Diamondbacks,AAA,,30,N/A,R,R
2017,77,Dylan Cease,RHP,San Diego Padres,MLB,,29,N/A,R,R
2017,78,Michael Soroka,RHP,Washington Nationals,MLB,,27,N/A,R,R
2017,79,Justus Sheffield,LHP,Cincinnati Reds,AAA,,28,N/A,L,L
2017,80,Sean Newcomb,LHP,Boston Red Sox,AAA,,31,N/A,L,L
2017,81,Zack Collins,C/1B,-,-,,30,N/A,L,R
2017,82,Willie Calhoun,2B/OF,-,-,,30,N/A,L,R
2017,83,Derek Fisher,OF,Minnesota Twins,AAA,,31,N/A,L,R
2017,84,Forrest Whitley,RHP,Houston Astros,MLB,,27,N/A,R,R
2017,85,Grant Holmes,RHP,Atlanta Braves,MLB,,28,N/A,L,R
2017,86,Ian Anderson,RHP,Atlanta Braves,MLB,,26,N/A,R,R
2017,87,Robert Stephenson,RHP,Los Angeles Angels,MLB,,31,N/A,R,R
2017,88,Tyler Beede,RHP,Cleveland Guardians,AAA,,31,N/A,R,R
2017,89,Christian Arroyo,3B/SS,Milwaukee Brewers,AAA,,29,N/A,R,R
2017,90,Raimel Tapia,OF,-,-,,31,N/A,L,L
2017,91,Delvin Pérez,SS,-,-,,26,N/A,R,R
2017,92,Stephen Gonsalves,LHP,Colorado Rockies,AAA,,30,N/A,L,L
2017,93,Walker Buehler,RHP,Boston Red Sox,MLB,,30,N/A,R,R
2017,94,Richard Urena,SS/2B,-,-,,28,N/A,S,R
2017,95,Jeimer Candelario,3B/1B,Cincinnati Reds,MLB,,31,N/A,S,R
2017,96,Bobby Bradley,1B,-,-,,28,N/A,L,R
2017,97,Cal Quantrill,RHP,Colorado Rockies,MLB,,29,N/A,L,R
2017,98,Alex Kirilloff,OF/1B,Minnesota Twins,MLB,,27,N/A,L,L
2017,99,Chance Sisco,C,St. Louis Cardinals,AAA,,29,N/A,L,R
2017,100,Matt Chapman,3B,San Francisco Giants,MLB,,31,N/A,R,R
2018,1,Shohei Ohtani,TWP,Los Angeles Dodgers,MLB,,30,N/A,L,R
2018,2,Ronald Acuña Jr.,OF,Atlanta Braves,MLB,,27,N/A,R,R
2018,3,Vladimir Guerrero Jr.,3B,Toronto Blue Jays,MLB,,25,N/A,R,R
2018,4,Eloy Jiménez,OF,Tampa Bay Rays,AAA,,28,N/A,R,R
2018,5,Gleyber Torres,INF,Detroit Tigers,MLB,,28,N/A,R,R
2018,6,Victor Robles,OF,Seattle Mariners,MLB,,27,N/A,R,R
2018,7,Nick Senzel,3B/2B/OF,Chicago White Sox,AAA,,29,N/A,R,R
2018,8,Fernando Tatis Jr.,SS,San Diego Padres,MLB,,26,N/A,R,R
2018,9,Forrest Whitley,RHP,Houston Astros,MLB,,27,N/A,R,R
2018,10,Michael Kopech,RHP,Los Angeles Dodgers,MLB,,28,N/A,R,R
2018,11,Francisco Mejía,C/OF,-,-,,29,N/A,S,R
2018,12,Brent Honeywell,RHP,Los Angeles Dodgers,MLB,,29,N/A,R,R
2018,13,Walker Buehler,RHP,Boston Red Sox,MLB,,30,N/A,R,R
2018,14,Bo Bichette,SS,Toronto Blue Jays,MLB,,26,N/A,R,R
2018,15,Brendan Rodgers,2B/SS,Colorado Rockies,MLB,,28,N/A,R,R
2018,16,Mitch Keller,RHP,Pittsburgh Pirates,MLB,,28,N/A,R,R
2018,17,Kyle Tucker,OF,Chicago Cubs,MLB,,28,N/A,L,R
2018,18,Alex Reyes,RHP,Los Angeles Dodgers,MLB,,30,N/A,R,R
2018,19,MacKenzie Gore,LHP,Washington Nationals,MLB,,25,N/A,L,L
2018,20,Royce Lewis,SS,Minnesota Twins,MLB,,25,N/A,R,R
2018,21,Hunter Greene,RHP,Cincinnati Reds,MLB,,25,N/A,R,R
2018,22,Willy Adames,SS/2B,San Francisco Giants,MLB,,29,N/A,R,R
2018,23,Austin Hays,OF,Cincinnati Reds,MLB,,29,N/A,R,R
2018,24,Triston McKenzie,RHP,Cleveland Guardians,MLB,,27,N/A,R,R
2018,25,Brendan McKay,LHP,Tampa Bay Rays,AAA,,29,N/A,L,L
2018,26,Sixto Sánchez,RHP,Miami Marlins,AAA,,26,N/A,R,R
2018,27,Lewis Brinson,OF,-,-,,30,N/A,R,R
2018,28,Luis Robert Jr.,OF,Chicago White Sox,MLB,,27,N/A,R,R
2018,29,Juan Soto,OF,New York Mets,MLB,,26,N/A,L,L
2018,30,Kyle Wright,RHP,Kansas City Royals,MLB,,29,N/A,R,R
2018,31,Michael Soroka,RHP,Washington Nationals,MLB,,27,N/A,R,R
2018,32,A.J. Puk,LHP,Arizona Diamondbacks,MLB,,29,N/A,L,L
2018,33,Alex Verdugo,OF,New York Yankees,MLB,,28,N/A,L,L
2018,34,Leody Taveras,OF,Texas Rangers,MLB,,26,N/A,S,R
2018,35,Scott Kingery,INF/OF,Los Angeles Angels,MLB,,30,N/A,R,R
2018,36,Luis Urías,INF,Seattle Mariners,MLB,,27,N/A,R,R
2018,37,J.P. Crawford,SS,Seattle Mariners,MLB,,30,N/A,L,R
2018,38,Jack Flaherty,RHP,Detroit Tigers,MLB,,29,N/A,R,R
2018,39,Franklin Pérez,RHP,Detroit Tigers,A,,27,N/A,R,R
2018,40,Cal Quantrill,RHP,Colorado Rockies,MLB,,29,N/A,L,R
2018,41,Ryan McMahon,1B/2B/3B,Colorado Rockies,MLB,,30,N/A,L,R
2018,42,Michel Baez,RHP,-,-,,29,N/A,R,R
2018,43,Taylor Trammell,OF,Houston Astros,MLB,,27,N/A,L,L
2018,44,Estevan Florial,OF,Cleveland Guardians,AAA,,27,N/A,L,R
2018,45,Austin Meadows,OF,Detroit Tigers,MLB,,29,N/A,L,L
2018,46,Carson Kelly,C,Chicago Cubs,MLB,,30,N/A,R,R
2018,47,Anthony Alford,OF,-,-,,30,N/A,R,R
2018,48,Justus Sheffield,LHP,Cincinnati Reds,AAA,,28,N/A,L,L
2018,49,Luiz Gohara,LHP,Los Angeles Angels,AAA,,28,N/A,L,L
2018,50,Adrian Morejon,LHP,San Diego Padres,MLB,,25,N/A,L,L
2018,51,Ian Anderson,RHP,Atlanta Braves,MLB,,26,N/A,R,R
2018,52,Keibert Ruiz,C,Washington Nationals,MLB,,26,N/A,S,R
2018,53,Willie Calhoun,2B/OF,-,-,,30,N/A,L,R
2018,54,Alec Hansen,RHP,Chicago White Sox,AA,,30,N/A,R,R
2018,55,Matt Manning,RHP,Detroit Tigers,MLB,,27,N/A,R,R
2018,56,Keston Hiura,2B,Colorado Rockies,AAA,,28,N/A,R,R
2018,57,Jesús Sánchez,OF,Miami Marlins,MLB,,27,N/A,L,R
2018,58,Kolby Allard,LHP,Cleveland Guardians,AAA,,27,N/A,L,L
2018,59,Alex Faedo,RHP,Tampa Bay Rays,MLB,,29,N/A,R,R
2018,60,Jesús Luzardo,LHP,Philadelphia Phillies,MLB,,27,N/A,L,L
2018,61,Dylan Cease,RHP,San Diego Padres,MLB,,29,N/A,R,R
2018,62,Jo Adell,OF,Los Angeles Angels,MLB,,25,N/A,R,R
2018,63,Heliot Ramos,OF,San Francisco Giants,MLB,,25,N/A,R,R
2018,64,Jake Bauers,1B/OF,Milwaukee Brewers,AAA,,29,N/A,L,L
2018,65,Miguel Andujar,3B,Athletics,MLB,,29,N/A,R,R
2018,66,Franklin Barreto,2B/SS,Baltimore Orioles,AAA,,28,N/A,R,R
2018,67,Shane Baz,RHP,Tampa Bay Rays,MLB,,25,N/A,R,R
2018,68,Fernando Romero,RHP,Los Angeles Angels,AAA,,30,N/A,R,R
2018,69,Corbin Burnes,RHP,Arizona Diamondbacks,MLB,,30,N/A,R,R
2018,70,Kyle Lewis,OF,Arizona Diamondbacks,MLB,,29,N/A,R,R
2018,71,Monte Harrison,OF,Milwaukee Brewers,AAA,,29,N/A,R,R
2018,72,Jorge Mateo,SS/2B,Baltimore Orioles,MLB,,29,N/A,R,R
2018,73,Jon Duplantier,RHP,Milwaukee Brewers,MLB,,30,N/A,L,R
2018,74,Albert Abreu,RHP,Cincinnati Reds,AAA,,29,N/A,R,R
2018,75,Chance Adams,RHP,Colorado Rockies,AAA,,30,N/A,R,R
2018,76,J.B. Bukauskas,RHP,Milwaukee Brewers,AAA,,28,N/A,R,R
2018,77,Beau Burrows,RHP,Philadelphia Phillies,AAA,,28,N/A,R,R
2018,78,Stephen Gonsalves,LHP,Colorado Rockies,AAA,,30,N/A,L,L
2018,79,Michael Chavis,3B/1B,Chicago White Sox,AAA,,29,N/A,R,R
2018,80,Nick Gordon,SS/2B,Baltimore Orioles,AAA,,29,N/A,L,R
2018,81,Christian Arroyo,3B/SS,Milwaukee Brewers,AAA,,29,N/A,R,R
2018,82,Jesse Winker,OF,New York Mets,MLB,,31,N/A,L,L
2018,83,Max Fried,LHP,New York Yankees,MLB,,31,N/A,L,L
2018,84,Tyler Mahle,RHP,Texas Rangers,MLB,,30,N/A,R,R
2018,85,Jay Groome,LHP,San Diego Padres,MLB,,26,N/A,L,L
2018,86,Adonis Medina,RHP,Seattle Mariners,AAA,,28,N/A,R,R
2018,87,Kevin Maitan,3B/SS/2B,Minnesota Twins,A+,,24,N/A,S,R
2018,88,Mickey Moniak,OF,Los Angeles Angels,MLB,,26,N/A,L,R
2018,89,Anderson Espinoza,RHP,-,-,,26,N/A,R,R
2018,90,Carter Kieboom,SS/2B,Los Angeles Angels,AAA,,27,N/A,R,R
2018,91,Pavin Smith,1B/OF,Arizona Diamondbacks,MLB,,29,N/A,L,L
2018,92,Dane Dunning,RHP,Texas Rangers,MLB,,30,N/A,R,R
2018,93,Jahmai Jones,2B/OF,Detroit Tigers,AAA,,27,N/A,R,R
2018,94,Tyler O'Neill,OF,Baltimore Orioles,MLB,,29,N/A,R,R
2018,95,Adam Haseley,RF,Chicago White Sox,MLB,,28,N/A,L,L
2018,96,Brandon Woodruff,RHP,Milwaukee Brewers,MLB,,31,N/A,L,R
2018,97,Austin Riley,3B,Atlanta Braves,MLB,,27,N/A,R,R
2018,98,Ryan Mountcastle,OF/1B,Baltimore Orioles,MLB,,27,N/A,R,R
2018,99,Blake Rutherford,OF,-,-,,27,N/A,L,R
2018,100,Riley Pint,RHP,Cleveland Guardians,AAA,,27,N/A,R,R
2019,1,Vladimir Guerrero Jr.,3B,Toronto Blue Jays,MLB,,25,N/A,R,R
2019,2,Fernando Tatis Jr.,SS,San Diego Padres,MLB,,26,N/A,R,R
2019,3,Eloy Jiménez,OF,Tampa Bay Rays,AAA,,28,N/A,R,R
2019,4,Victor Robles,OF,Seattle Mariners,MLB,,27,N/A,R,R
2019,5,Royce Lewis,SS,Minnesota Twins,MLB,,25,N/A,R,R
2019,6,Nick Senzel,3B/2B/OF,Chicago White Sox,AAA,,29,N/A,R,R
2019,7,Forrest Whitley,RHP,Houston Astros,MLB,,27,N/A,R,R
2019,8,Kyle Tucker,OF,Chicago Cubs,MLB,,28,N/A,L,R
2019,9,Alex Kirilloff,OF/1B,Minnesota Twins,MLB,,27,N/A,L,L
2019,10,Brendan Rodgers,2B/SS,Colorado Rockies,MLB,,28,N/A,R,R
2019,11,Bo Bichette,SS,Toronto Blue Jays,MLB,,26,N/A,R,R
2019,12,Jesús Luzardo,LHP,Philadelphia Phillies,MLB,,27,N/A,L,L
2019,13,Wander Franco,SS,Tampa Bay Rays,MLB,,23,N/A,S,R
2019,14,Jo Adell,OF,Los Angeles Angels,MLB,,25,N/A,R,R
2019,15,MacKenzie Gore,LHP,Washington Nationals,MLB,,25,N/A,L,L
2019,16,Taylor Trammell,OF,Houston Astros,MLB,,27,N/A,L,L
2019,17,Casey Mize,RHP,Detroit Tigers,MLB,,27,N/A,R,R
2019,18,Michael Kopech,RHP,Los Angeles Dodgers,MLB,,28,N/A,R,R
2019,19,Mitch Keller,RHP,Pittsburgh Pirates,MLB,,28,N/A,R,R
2019,20,Keston Hiura,2B,Colorado Rockies,AAA,,28,N/A,R,R
2019,21,Dylan Cease,RHP,San Diego Padres,MLB,,29,N/A,R,R
2019,22,Joey Bart,C,Pittsburgh Pirates,MLB,,28,N/A,R,R
2019,23,Luis Urías,INF,Seattle Mariners,MLB,,27,N/A,R,R
2019,24,Michael Soroka,RHP,Washington Nationals,MLB,,27,N/A,R,R
2019,25,Carter Kieboom,SS/2B,Los Angeles Angels,AAA,,27,N/A,R,R
2019,26,Francisco Mejía,C/OF,-,-,,29,N/A,S,R
2019,27,Sixto Sánchez,RHP,Miami Marlins,AAA,,26,N/A,R,R
2019,28,Brent Honeywell,RHP,Los Angeles Dodgers,MLB,,29,N/A,R,R
2019,29,Brendan McKay,LHP,Tampa Bay Rays,AAA,,29,N/A,L,L
2019,30,Kyle Wright,RHP,Kansas City Royals,MLB,,29,N/A,R,R
2019,31,Hunter Greene,RHP,Cincinnati Reds,MLB,,25,N/A,R,R
2019,32,Ian Anderson,RHP,Atlanta Braves,MLB,,26,N/A,R,R
2019,33,Alex Reyes,RHP,Los Angeles Dodgers,MLB,,30,N/A,R,R
2019,34,Chris Paddack,RHP,Minnesota Twins,MLB,,29,N/A,R,R
2019,35,Alex Verdugo,OF,New York Yankees,MLB,,28,N/A,L,L
2019,36,Keibert Ruiz,C,Washington Nationals,MLB,,26,N/A,S,R
2019,37,Cristian Pache,OF,Arizona Diamondbacks,AAA,,26,N/A,R,R
2019,38,Austin Riley,3B,Atlanta Braves,MLB,,27,N/A,R,R
2019,39,Jesús Sánchez,OF,Miami Marlins,MLB,,27,N/A,L,R
2019,40,Luis Robert Jr.,OF,Chicago White Sox,MLB,,27,N/A,R,R
2019,41,Triston McKenzie,RHP,Cleveland Guardians,MLB,,27,N/A,R,R
2019,42,A.J. Puk,LHP,Arizona Diamondbacks,MLB,,29,N/A,L,L
2019,43,Justus Sheffield,LHP,Cincinnati Reds,AAA,,28,N/A,L,L
2019,44,Yordan Alvarez,OF,Houston Astros,MLB,,27,N/A,L,R
2019,45,Sean Murphy,C,Atlanta Braves,MLB,,30,N/A,R,R
2019,46,Ke'Bryan Hayes,3B,Pittsburgh Pirates,MLB,,28,N/A,R,R
2019,47,Nick Madrigal,2B,New York Mets,MLB,,27,N/A,R,R
2019,48,Luis Patiño,RHP,San Diego Padres,AAA,,25,N/A,R,R
2019,49,Adrian Morejon,LHP,San Diego Padres,MLB,,25,N/A,L,L
2019,50,Touki Toussaint,RHP,Chicago White Sox,AAA,,28,N/A,R,R
2019,51,Pete Alonso,1B,New York Mets,MLB,,30,N/A,R,R
2019,52,Matt Manning,RHP,Detroit Tigers,MLB,,27,N/A,R,R
2019,53,Jonathan India,2B/3B,Kansas City Royals,MLB,,28,N/A,R,R
2019,54,Brady Singer,RHP,Cincinnati Reds,MLB,,28,N/A,R,R
2019,55,Matthew Liberatore,LHP,St. Louis Cardinals,MLB,,25,N/A,L,L
2019,56,Jarred Kelenic,OF,Atlanta Braves,MLB,,25,N/A,L,L
2019,57,Estevan Florial,OF,Cleveland Guardians,AAA,,27,N/A,L,R
2019,58,Andrés Giménez,SS,Toronto Blue Jays,MLB,,26,N/A,L,R
2019,59,Alec Bohm,3B/1B,Philadelphia Phillies,MLB,,28,N/A,R,R
2019,60,Jazz Chisholm Jr.,SS/2B,New York Yankees,MLB,,27,N/A,L,R
2019,61,Nolan Gorman,2B/3B,St. Louis Cardinals,MLB,,24,N/A,L,R
2019,62,Josh James,RHP,-,-,,31,N/A,R,R
2019,63,Griffin Canning,RHP,New York Mets,MLB,,28,N/A,R,R
2019,64,Yusniel Díaz,OF,San Francisco Giants,AAA,,28,N/A,R,R
2019,65,Danny Jansen,C,Tampa Bay Rays,MLB,,29,N/A,R,R
2019,66,Jonathan Loáisiga,RHP,New York Yankees,MLB,,30,N/A,R,R
2019,67,Nolan Jones,OF/3B,Colorado Rockies,MLB,,26,N/A,L,R
2019,68,Brusdar Graterol,RHP,Los Angeles Dodgers,MLB,,26,N/A,R,R
2019,69,Dustin May,RHP,Los Angeles Dodgers,MLB,,27,N/A,R,R
2019,70,Gavin Lux,SS/2B,Cincinnati Reds,MLB,,27,N/A,L,R
2019,71,Ryan Mountcastle,OF/1B,Baltimore Orioles,MLB,,27,N/A,R,R
2019,72,Michel Baez,RHP,-,-,,29,N/A,R,R
2019,73,Jon Duplantier,RHP,Milwaukee Brewers,MLB,,30,N/A,L,R
2019,74,Logan Allen,LHP,Arizona Diamondbacks,AAA,,27,N/A,R,L
2019,75,Luis García Jr.,SS/2B,Washington Nationals,MLB,,24,N/A,L,R
2019,76,Nate Pearson,RHP,Chicago Cubs,MLB,,28,N/A,R,R
2019,77,Adonis Medina,RHP,Seattle Mariners,AAA,,28,N/A,R,R
2019,78,Franklin Pérez,RHP,Detroit Tigers,A,,27,N/A,R,R
2019,79,Michael Chavis,3B/1B,Chicago White Sox,AAA,,29,N/A,R,R
2019,80,Dane Dunning,RHP,Texas Rangers,MLB,,30,N/A,R,R
2019,81,Corbin Martin,RHP,Baltimore Orioles,AAA,,29,N/A,R,R
2019,82,Bryse Wilson,RHP,Chicago White Sox,MLB,,27,N/A,R,R
2019,83,Taylor Widener,RHP,Atlanta Braves,AAA,,30,N/A,L,R
2019,84,Ronaldo Hernández,C,Arizona Diamondbacks,AAA,,27,N/A,R,R
2019,85,Hans Crouse,RHP,Los Angeles Angels,MLB,,26,N/A,L,R
2019,86,Drew Waters,OF,Kansas City Royals,MLB,,26,N/A,S,R
2019,87,Travis Swaggerty,OF,New York Mets,AA,,27,N/A,L,L
2019,88,J.P. Martínez,OF,-,-,,28,N/A,L,L
2019,89,Cole Winn,RHP,Texas Rangers,MLB,,25,N/A,R,R
2019,90,DL Hall,LHP,Milwaukee Brewers,MLB,,26,N/A,L,L
2019,91,Justin Dunn,RHP,Chicago White Sox,AAA,,29,N/A,R,R
2019,92,Heliot Ramos,OF,San Francisco Giants,MLB,,25,N/A,R,R
2019,93,Ryan Weathers,LHP,Miami Marlins,MLB,,25,N/A,R,L
2019,94,Miguel Amaya,C,Chicago Cubs,MLB,,25,N/A,R,R
2019,95,Colton Welker,3B/1B,-,-,,27,N/A,R,R
2019,96,Oneil Cruz,SS,Pittsburgh Pirates,MLB,,26,N/A,L,R
2019,97,J.B. Bukauskas,RHP,Milwaukee Brewers,AAA,,28,N/A,R,R
2019,98,Eric Pardinho,RHP,Toronto Blue Jays,AAA,,24,N/A,R,R
2019,99,Victor Mesa,OF,Miami Marlins,AAA,,28,N/A,R,R
2019,100,Nico Hoerner,SS/2B/OF,Chicago Cubs,MLB,,27,N/A,R,R
2020,1,Wander Franco,SS,Tampa Bay Rays,MLB,,23,N/A,S,R
2020,2,Gavin Lux,SS/2B,Cincinnati Reds,MLB,,27,N/A,L,R
2020,3,Luis Robert Jr.,OF,Chicago White Sox,MLB,,27,N/A,R,R
2020,4,Adley Rutschman,C,Baltimore Orioles,MLB,,27,N/A,S,R
2020,5,MacKenzie Gore,LHP,Washington Nationals,MLB,,25,N/A,L,L
2020,6,Jo Adell,OF,Los Angeles Angels,MLB,,25,N/A,R,R
2020,7,Casey Mize,RHP,Detroit Tigers,MLB,,27,N/A,R,R
2020,8,Nate Pearson,RHP,Chicago Cubs,MLB,,28,N/A,R,R
2020,9,Royce Lewis,SS,Minnesota Twins,MLB,,25,N/A,R,R
2020,10,Bobby Witt Jr.,SS/3B,Kansas City Royals,MLB,,24,N/A,R,R
2020,11,Jarred Kelenic,OF,Atlanta Braves,MLB,,25,N/A,L,L
2020,12,Jesús Luzardo,LHP,Philadelphia Phillies,MLB,,27,N/A,L,L
2020,13,Cristian Pache,OF,Arizona Diamondbacks,AAA,,26,N/A,R,R
2020,14,Joey Bart,C,Pittsburgh Pirates,MLB,,28,N/A,R,R
2020,15,Brendan McKay,LHP,Tampa Bay Rays,AAA,,29,N/A,L,L
2020,16,Andrew Vaughn,1B/OF,Chicago White Sox,MLB,,26,N/A,R,R
2020,17,Dylan Carlson,OF,Baltimore Orioles,MLB,,26,N/A,S,L
2020,18,Julio Rodríguez,OF,Seattle Mariners,MLB,,24,N/A,R,R
2020,19,Forrest Whitley,RHP,Houston Astros,MLB,,27,N/A,R,R
2020,20,Michael Kopech,RHP,Los Angeles Dodgers,MLB,,28,N/A,R,R
2020,21,Carter Kieboom,SS/2B,Los Angeles Angels,AAA,,27,N/A,R,R
2020,22,Sixto Sánchez,RHP,Miami Marlins,AAA,,26,N/A,R,R
2020,23,Dustin May,RHP,Los Angeles Dodgers,MLB,,27,N/A,R,R
2020,24,Matt Manning,RHP,Detroit Tigers,MLB,,27,N/A,R,R
2020,25,CJ Abrams,SS,Washington Nationals,MLB,,24,N/A,L,R
2020,26,Drew Waters,OF,Kansas City Royals,MLB,,26,N/A,S,R
2020,27,Luis Patiño,RHP,San Diego Padres,AAA,,25,N/A,R,R
2020,28,JJ Bleday,OF,Athletics,MLB,,27,N/A,L,L
2020,29,Brendan Rodgers,2B/SS,Colorado Rockies,MLB,,28,N/A,R,R
2020,30,Alec Bohm,3B/1B,Philadelphia Phillies,MLB,,28,N/A,R,R
2020,31,Riley Greene,OF,Detroit Tigers,MLB,,24,N/A,L,L
2020,32,Alex Kirilloff,OF/1B,Minnesota Twins,MLB,,27,N/A,L,L
2020,33,Sean Murphy,C,Atlanta Braves,MLB,,30,N/A,R,R
2020,34,Spencer Howard,RHP,San Francisco Giants,AAA,,28,N/A,R,R
2020,35,Marco Luciano,SS,San Francisco Giants,MLB,,23,N/A,R,R
2020,36,Grayson Rodriguez,RHP,Baltimore Orioles,MLB,,25,N/A,L,R
2020,37,Ian Anderson,RHP,Atlanta Braves,MLB,,26,N/A,R,R
2020,38,Logan Gilbert,RHP,Seattle Mariners,MLB,,27,N/A,R,R
2020,39,Mitch Keller,RHP,Pittsburgh Pirates,MLB,,28,N/A,R,R
2020,40,Nick Madrigal,2B,New York Mets,MLB,,27,N/A,R,R
2020,41,Ke'Bryan Hayes,3B,Pittsburgh Pirates,MLB,,28,N/A,R,R
2020,42,Nolan Jones,OF/3B,Colorado Rockies,MLB,,26,N/A,L,R
2020,43,Kristian Robinson,OF,Arizona Diamondbacks,AA,,24,N/A,R,R
2020,44,Jeter Downs,SS,New York Yankees,AAA,,26,N/A,R,R
2020,45,Vidal Bruján,OF/2B/SS,Chicago Cubs,MLB,,26,N/A,S,R
2020,46,Tarik Skubal,LHP,Detroit Tigers,MLB,,28,N/A,R,L
2020,47,Nolan Gorman,2B/3B,St. Louis Cardinals,MLB,,24,N/A,L,R
2020,48,Nick Lodolo,LHP,Cincinnati Reds,MLB,,27,N/A,L,L
2020,49,Alek Thomas,OF,Arizona Diamondbacks,MLB,,24,N/A,L,L
2020,50,Luis Campusano,C,San Diego Padres,MLB,,26,N/A,R,R
2020,51,Nico Hoerner,SS/2B/OF,Chicago Cubs,MLB,,27,N/A,R,R
2020,52,Kyle Wright,RHP,Kansas City Royals,MLB,,29,N/A,R,R
2020,53,Hunter Greene,RHP,Cincinnati Reds,MLB,,25,N/A,R,R
2020,54,Jasson Domínguez,OF,New York Yankees,MLB,,22,N/A,S,R
2020,55,Josh Jung,3B,Texas Rangers,MLB,,26,N/A,R,R
2020,56,Evan White,1B,Los Angeles Angels,AAA,,28,N/A,R,L
2020,57,Taylor Trammell,OF,Houston Astros,MLB,,27,N/A,L,L
2020,58,Matthew Liberatore,LHP,St. Louis Cardinals,MLB,,25,N/A,L,L
2020,59,Brady Singer,RHP,Cincinnati Reds,MLB,,28,N/A,R,R
2020,60,A.J. Puk,LHP,Arizona Diamondbacks,MLB,,29,N/A,L,L
2020,61,Daniel Lynch IV,LHP,Kansas City Royals,MLB,,28,N/A,L,L
2020,62,Ronny Mauricio,2B/SS/OF,New York Mets,MLB,,23,N/A,S,R
2020,63,Francisco Alvarez,C,New York Mets,MLB,,23,N/A,R,R
2020,64,Oneil Cruz,SS,Pittsburgh Pirates,MLB,,26,N/A,L,R
2020,65,Heliot Ramos,OF,San Francisco Giants,MLB,,25,N/A,R,R
2020,66,Jazz Chisholm Jr.,SS/2B,New York Yankees,MLB,,27,N/A,L,R
2020,67,Josiah Gray,RHP,Washington Nationals,MLB,,27,N/A,R,R
2020,68,Brailyn Marquez,LHP,Houston Astros,AAA,,26,N/A,L,L
2020,69,DL Hall,LHP,Milwaukee Brewers,MLB,,26,N/A,L,L
2020,70,Shea Langeliers,C,Athletics,MLB,,27,N/A,R,R
2020,71,Hunter Bishop,OF,San Francisco Giants,AAA,,26,N/A,L,R
2020,72,Xavier Edwards,2B/OF,Miami Marlins,MLB,,25,N/A,S,R
2020,73,Keibert Ruiz,C,Washington Nationals,MLB,,26,N/A,S,R
2020,74,Sam Huff,C/1B,San Francisco Giants,MLB,,27,N/A,R,R
2020,75,Jordan Groshans,3B/SS,Kansas City Royals,AAA,,25,N/A,R,R
2020,76,Daulton Varsho,C,Toronto Blue Jays,MLB,,28,N/A,L,R
2020,77,Triston Casas,1B,Boston Red Sox,MLB,,25,N/A,L,R
2020,78,Brennen Davis,OF,New York Yankees,AAA,,25,N/A,R,R
2020,79,Brandon Marsh,OF,Philadelphia Phillies,MLB,,27,N/A,L,R
2020,80,Jesús Sánchez,OF,Miami Marlins,MLB,,27,N/A,L,R
2020,81,Trevor Larnach,OF,Minnesota Twins,MLB,,27,N/A,L,R
2020,82,Geraldo Perdomo,SS,Arizona Diamondbacks,MLB,,25,N/A,S,R
2020,83,Brusdar Graterol,RHP,Los Angeles Dodgers,MLB,,26,N/A,R,R
2020,84,Edward Cabrera,RHP,Miami Marlins,MLB,,26,N/A,R,R
2020,85,Jordan Balazovic,RHP,Detroit Tigers,AAA,,26,N/A,R,R
2020,86,Bryson Stott,SS,Philadelphia Phillies,MLB,,27,N/A,L,R
2020,87,Clarke Schmidt,RHP,New York Yankees,MLB,,28,N/A,R,R
2020,88,Corbin Carroll,OF,Arizona Diamondbacks,MLB,,24,N/A,L,L
2020,89,Shane Baz,RHP,Tampa Bay Rays,MLB,,25,N/A,R,R
2020,90,Brent Honeywell,RHP,Los Angeles Dodgers,MLB,,29,N/A,R,R
2020,91,Deivi García,RHP,Milwaukee Brewers,AAA,,25,N/A,R,R
2020,92,Brett Baty,3B/OF,New York Mets,MLB,,25,N/A,L,R
2020,93,Ryan Mountcastle,OF/1B,Baltimore Orioles,MLB,,27,N/A,R,R
2020,94,Miguel Amaya,C,Chicago Cubs,MLB,,25,N/A,R,R
2020,95,Tyler Freeman,SS/2B,Cleveland Guardians,MLB,,25,N/A,R,R
2020,96,Luis Garcia,SS,-,-,,24,N/A,S,R
2020,97,Simeon Woods Richardson,RHP,Minnesota Twins,MLB,,24,N/A,R,R
2020,98,Seth Corry,LHP,San Francisco Giants,AA,,26,N/A,L,L
2020,99,George Kirby,RHP,Seattle Mariners,MLB,,27,N/A,R,R
2021,1,Wander Franco,SS,Tampa Bay Rays,MLB,,23,N/A,S,R
2021,2,Adley Rutschman,C,Baltimore Orioles,MLB,,27,N/A,S,R
2021,3,Spencer Torkelson,1B/3B,Detroit Tigers,MLB,,25,N/A,R,R
2021,4,Jarred Kelenic,OF,Atlanta Braves,MLB,,25,N/A,L,L
2021,5,Julio Rodríguez,OF,Seattle Mariners,MLB,,24,N/A,R,R
2021,6,MacKenzie Gore,LHP,Washington Nationals,MLB,,25,N/A,L,L
2021,7,Bobby Witt Jr.,SS/3B,Kansas City Royals,MLB,,24,N/A,R,R
2021,8,CJ Abrams,SS,Washington Nationals,MLB,,24,N/A,L,R
2021,9,Ke'Bryan Hayes,3B,Pittsburgh Pirates,MLB,,28,N/A,R,R
2021,10,Nate Pearson,RHP,Chicago Cubs,MLB,,28,N/A,R,R
2021,11,Casey Mize,RHP,Detroit Tigers,MLB,,27,N/A,R,R
2021,12,Cristian Pache,OF,Arizona Diamondbacks,AAA,,26,N/A,R,R
2021,13,Dylan Carlson,OF,Baltimore Orioles,MLB,,26,N/A,S,L
2021,14,Andrew Vaughn,1B/OF,Chicago White Sox,MLB,,26,N/A,R,R
2021,15,Sixto Sánchez,RHP,Miami Marlins,AAA,,26,N/A,R,R
2021,16,Marco Luciano,SS,San Francisco Giants,MLB,,23,N/A,R,R
2021,17,Royce Lewis,SS,Minnesota Twins,MLB,,25,N/A,R,R
2021,18,Ian Anderson,RHP,Atlanta Braves,MLB,,26,N/A,R,R
2021,19,Luis Patiño,RHP,San Diego Padres,AAA,,25,N/A,R,R
2021,20,JJ Bleday,OF,Athletics,MLB,,27,N/A,L,L
2021,21,Riley Greene,OF,Detroit Tigers,MLB,,24,N/A,L,L
2021,22,Austin Martin,SS/OF/2B,Minnesota Twins,MLB,,25,N/A,R,R
2021,23,Joey Bart,C,Pittsburgh Pirates,MLB,,28,N/A,R,R
2021,24,Tarik Skubal,LHP,Detroit Tigers,MLB,,28,N/A,R,L
2021,25,Matt Manning,RHP,Detroit Tigers,MLB,,27,N/A,R,R
2021,26,Alex Kirilloff,OF/1B,Minnesota Twins,MLB,,27,N/A,L,L
2021,27,Grayson Rodriguez,RHP,Baltimore Orioles,MLB,,25,N/A,L,R
2021,28,Max Meyer,RHP,Miami Marlins,MLB,,25,N/A,L,R
2021,29,Daniel Lynch IV,LHP,Kansas City Royals,MLB,,28,N/A,L,L
2021,30,Asa Lacy,LHP,Kansas City Royals,AA,,25,N/A,L,L
2021,31,Emerson Hancock,RHP,Seattle Mariners,MLB,,25,N/A,R,R
2021,32,Jasson Domínguez,OF,New York Yankees,MLB,,22,N/A,S,R
2021,33,Logan Gilbert,RHP,Seattle Mariners,MLB,,27,N/A,R,R
2021,34,Randy Arozarena,OF,Seattle Mariners,MLB,,29,N/A,R,R
2021,35,Drew Waters,OF,Kansas City Royals,MLB,,26,N/A,S,R
2021,36,Nolan Jones,OF/3B,Colorado Rockies,MLB,,26,N/A,L,R
2021,37,Matthew Liberatore,LHP,St. Louis Cardinals,MLB,,25,N/A,L,L
2021,38,Nolan Gorman,2B/3B,St. Louis Cardinals,MLB,,24,N/A,L,R
2021,39,Michael Kopech,RHP,Los Angeles Dodgers,MLB,,28,N/A,R,R
2021,40,Nick Madrigal,2B,New York Mets,MLB,,27,N/A,R,R
2021,41,Forrest Whitley,RHP,Houston Astros,MLB,,27,N/A,R,R
2021,42,Spencer Howard,RHP,San Francisco Giants,AAA,,28,N/A,R,R
2021,43,Nick Gonzales,2B/SS,Pittsburgh Pirates,MLB,,25,N/A,R,R
2021,44,Triston Casas,1B,Boston Red Sox,MLB,,25,N/A,L,R
2021,45,Luis Campusano,C,San Diego Padres,MLB,,26,N/A,R,R
2021,46,Jordan Groshans,3B/SS,Kansas City Royals,AAA,,25,N/A,R,R
2021,47,Corbin Carroll,OF,Arizona Diamondbacks,MLB,,24,N/A,L,L
2021,48,Francisco Alvarez,C,New York Mets,MLB,,23,N/A,R,R
2021,49,Jeter Downs,SS,New York Yankees,AAA,,26,N/A,R,R
2021,50,Vidal Bruján,OF/2B/SS,Chicago Cubs,MLB,,26,N/A,S,R
2021,51,Quinn Priester,RHP,Boston Red Sox,MLB,,24,N/A,R,R
2021,52,Brandon Marsh,OF,Philadelphia Phillies,MLB,,27,N/A,L,R
2021,53,Zac Veen,OF,Colorado Rockies,MLB,,23,N/A,L,R
2021,54,Kristian Robinson,OF,Arizona Diamondbacks,AA,,24,N/A,R,R
2021,55,Garrett Crochet,LHP,Boston Red Sox,MLB,,25,N/A,L,L
2021,56,Keibert Ruiz,C,Washington Nationals,MLB,,26,N/A,S,R
2021,57,Josiah Gray,RHP,Washington Nationals,MLB,,27,N/A,R,R
2021,58,Nick Lodolo,LHP,Cincinnati Reds,MLB,,27,N/A,L,L
2021,59,Brailyn Marquez,LHP,Houston Astros,AAA,,26,N/A,L,L
2021,60,Brennen Davis,OF,New York Yankees,AAA,,25,N/A,R,R
2021,61,Robert Hassell III,OF,Washington Nationals,MLB,,23,N/A,L,L
2021,62,Josh Jung,3B,Texas Rangers,MLB,,26,N/A,R,R
2021,63,Oneil Cruz,SS,Pittsburgh Pirates,MLB,,26,N/A,L,R
2021,64,Garrett Mitchell,OF,Milwaukee Brewers,MLB,,26,N/A,L,R
2021,65,Jazz Chisholm Jr.,SS/2B,New York Yankees,MLB,,27,N/A,L,R
2021,66,Ronny Mauricio,2B/SS/OF,New York Mets,MLB,,23,N/A,S,R
2021,67,Edward Cabrera,RHP,Miami Marlins,MLB,,26,N/A,R,R
2021,68,Heston Kjerstad,OF,Baltimore Orioles,MLB,,25,N/A,L,R
2021,69,DL Hall,LHP,Milwaukee Brewers,MLB,,26,N/A,L,L
2021,70,Hunter Greene,RHP,Cincinnati Reds,MLB,,25,N/A,R,R
2021,71,Brendan McKay,LHP,Tampa Bay Rays,AAA,,29,N/A,L,L
2021,72,Shea Langeliers,C,Athletics,MLB,,27,N/A,R,R
2021,73,Reid Detmers,LHP,Los Angeles Angels,MLB,,25,N/A,L,L
2021,74,Matt Allan,RHP,New York Mets,A+,,23,N/A,R,R
2021,75,Mick Abel,RHP,Philadelphia Phillies,MLB,,23,N/A,R,R
2021,76,Ryan Mountcastle,OF/1B,Baltimore Orioles,MLB,,27,N/A,R,R
2021,77,Sam Huff,C/1B,San Francisco Giants,MLB,,27,N/A,R,R
2021,78,Geraldo Perdomo,SS,Arizona Diamondbacks,MLB,,25,N/A,S,R
2021,79,Trevor Larnach,OF,Minnesota Twins,MLB,,27,N/A,L,R
2021,80,Alek Thomas,OF,Arizona Diamondbacks,MLB,,24,N/A,L,L
2021,81,Heliot Ramos,OF,San Francisco Giants,MLB,,25,N/A,R,R
2021,82,Hunter Bishop,OF,San Francisco Giants,AAA,,26,N/A,L,R
2021,83,Shane McClanahan,LHP,Tampa Bay Rays,MLB,,27,N/A,L,L
2021,84,Xavier Edwards,2B/OF,Miami Marlins,MLB,,25,N/A,S,R
2021,85,Austin Hendrick,OF,Cincinnati Reds,AA,,23,N/A,L,L
2021,86,Simeon Woods Richardson,RHP,Minnesota Twins,MLB,,24,N/A,R,R
2021,87,Clarke Schmidt,RHP,New York Yankees,MLB,,28,N/A,R,R
2021,88,Miguel Amaya,C,Chicago Cubs,MLB,,25,N/A,R,R
2021,89,Shane Baz,RHP,Tampa Bay Rays,MLB,,25,N/A,R,R
2021,90,Dane Dunning,RHP,Texas Rangers,MLB,,30,N/A,R,R
2021,91,George Kirby,RHP,Seattle Mariners,MLB,,27,N/A,R,R
2021,92,Bobby Dalbec,3B/1B,Chicago White Sox,AAA,,29,N/A,R,R
2021,93,Brett Baty,3B/OF,New York Mets,MLB,,25,N/A,L,R
2021,94,Tyler Stephenson,C,Cincinnati Reds,MLB,,28,N/A,R,R
2021,95,Brice Turang,SS/2B/OF,Milwaukee Brewers,MLB,,25,N/A,L,R
2021,96,Jordan Balazovic,RHP,Detroit Tigers,AAA,,26,N/A,R,R
2021,97,Tyler Freeman,SS/2B,Cleveland Guardians,MLB,,25,N/A,R,R
2021,98,Cade Cavalli,RHP,Washington Nationals,MLB,,26,N/A,R,R
2021,99,Taylor Trammell,OF,Houston Astros,MLB,,27,N/A,L,L
2022,1,Bobby Witt Jr.,SS/3B,Kansas City Royals,MLB,,24,N/A,R,R
2022,2,Adley Rutschman,C,Baltimore Orioles,MLB,,27,N/A,S,R
2022,3,Julio Rodríguez,OF,Seattle Mariners,MLB,,24,N/A,R,R
2022,4,Spencer Torkelson,1B/3B,Detroit Tigers,MLB,,25,N/A,R,R
2022,5,Riley Greene,OF,Detroit Tigers,MLB,,24,N/A,L,L
2022,6,Grayson Rodriguez,RHP,Baltimore Orioles,MLB,,25,N/A,L,R
2022,7,Gabriel Moreno,C,Arizona Diamondbacks,MLB,,24,N/A,R,R
2022,8,Anthony Volpe,SS,New York Yankees,MLB,,23,N/A,R,R
2022,9,CJ Abrams,SS,Washington Nationals,MLB,,24,N/A,L,R
2022,10,Francisco Alvarez,C,New York Mets,MLB,,23,N/A,R,R
2022,11,Noelvi Marte,3B/SS,Cincinnati Reds,MLB,,23,N/A,R,R
2022,12,Shane Baz,RHP,Tampa Bay Rays,MLB,,25,N/A,R,R
2022,13,Marco Luciano,SS,San Francisco Giants,MLB,,23,N/A,R,R
2022,14,Marcelo Mayer,SS,Boston Red Sox,AAA,,22,N/A,L,R
2022,15,Brennen Davis,OF,New York Yankees,AAA,,25,N/A,R,R
2022,16,Triston Casas,1B,Boston Red Sox,MLB,,25,N/A,L,R
2022,17,Jack Leiter,RHP,Texas Rangers,MLB,,24,N/A,R,R
2022,18,Alek Thomas,OF,Arizona Diamondbacks,MLB,,24,N/A,L,L
2022,19,Corbin Carroll,OF,Arizona Diamondbacks,MLB,,24,N/A,L,L
2022,20,Nick Gonzales,2B/SS,Pittsburgh Pirates,MLB,,25,N/A,R,R
2022,21,Reid Detmers,LHP,Los Angeles Angels,MLB,,25,N/A,L,L
2022,22,Hunter Greene,RHP,Cincinnati Reds,MLB,,25,N/A,R,R
2022,23,Jordan Lawlar,SS,Arizona Diamondbacks,MLB,,22,N/A,R,R
2022,24,Henry Davis,C,Pittsburgh Pirates,MLB,,25,N/A,R,R
2022,25,Kahlil Watson,SS/2B,Cleveland Guardians,AA,,21,N/A,L,R
2022,26,Oneil Cruz,SS,Pittsburgh Pirates,MLB,,26,N/A,L,R
2022,27,Brett Baty,3B/OF,New York Mets,MLB,,25,N/A,L,R
2022,28,Diego Cartaya,C,Minnesota Twins,MLB,,23,N/A,R,R
2022,29,Josh Jung,3B,Texas Rangers,MLB,,26,N/A,R,R
2022,30,Jordan Walker,OF/3B,St. Louis Cardinals,MLB,,22,N/A,R,R
2022,31,Joey Bart,C,Pittsburgh Pirates,MLB,,28,N/A,R,R
2022,32,George Kirby,RHP,Seattle Mariners,MLB,,27,N/A,R,R
2022,33,Nolan Gorman,2B/3B,St. Louis Cardinals,MLB,,24,N/A,L,R
2022,34,Edward Cabrera,RHP,Miami Marlins,MLB,,26,N/A,R,R
2022,35,Max Meyer,RHP,Miami Marlins,MLB,,25,N/A,L,R
2022,36,Zac Veen,OF,Colorado Rockies,MLB,,23,N/A,L,R
2022,37,Robert Hassell III,OF,Washington Nationals,MLB,,23,N/A,L,L
2022,38,Orelvis Martinez,2B/3B,Toronto Blue Jays,MLB,,23,N/A,R,R
2022,39,Cade Cavalli,RHP,Washington Nationals,MLB,,26,N/A,R,R
2022,40,Jackson Jobe,RHP,Detroit Tigers,MLB,,22,N/A,R,R
2022,41,Eury Pérez,RHP,Miami Marlins,MLB,,21,N/A,R,R
2022,42,Nick Lodolo,LHP,Cincinnati Reds,MLB,,27,N/A,L,L
2022,43,Matthew Liberatore,LHP,St. Louis Cardinals,MLB,,25,N/A,L,L
2022,44,Luis Campusano,C,San Diego Padres,MLB,,26,N/A,R,R
2022,45,Bryson Stott,SS,Philadelphia Phillies,MLB,,27,N/A,L,R
2022,46,Royce Lewis,SS,Minnesota Twins,MLB,,25,N/A,R,R
2022,47,George Valera,OF,Cleveland Guardians,AAA,,24,N/A,L,L
2022,48,Cole Winn,RHP,Texas Rangers,MLB,,25,N/A,R,R
2022,49,Brady House,3B,Washington Nationals,AAA,,21,N/A,R,R
2022,50,Josh Lowe,OF,Tampa Bay Rays,MLB,,27,N/A,L,R
2022,51,MJ Melendez,C,Kansas City Royals,MLB,,26,N/A,L,R
2022,52,Austin Martin,SS/OF/2B,Minnesota Twins,MLB,,25,N/A,R,R
2022,53,Daniel Espino,RHP,Cleveland Guardians,MLB,,24,N/A,R,R
2022,54,Quinn Priester,RHP,Boston Red Sox,MLB,,24,N/A,R,R
2022,55,Nick Yorke,2B/OF,Pittsburgh Pirates,MLB,,22,N/A,R,R
2022,56,Tyler Soderstrom,C/1B,Athletics,MLB,,23,N/A,L,R
2022,57,Bobby Miller,RHP,Los Angeles Dodgers,MLB,,25,N/A,L,R
2022,58,Sixto Sánchez,RHP,Miami Marlins,AAA,,26,N/A,R,R
2022,59,Shea Langeliers,C,Athletics,MLB,,27,N/A,R,R
2022,60,Oswald Peraza,SS/2B,New York Yankees,MLB,,24,N/A,R,R
2022,61,Jasson Domínguez,OF,New York Yankees,MLB,,22,N/A,S,R
2022,62,Nick Pratto,1B,Kansas City Royals,MLB,,26,N/A,L,L
2022,63,Luis Matos,OF,San Francisco Giants,MLB,,23,N/A,R,R
2022,64,Gunnar Henderson,3B/SS,Baltimore Orioles,MLB,,23,N/A,L,R
2022,65,Michael Harris II,OF,Atlanta Braves,MLB,,23,N/A,L,L
2022,66,Colton Cowser,OF,Baltimore Orioles,MLB,,24,N/A,L,R
2022,67,Michael Busch,INF,Chicago Cubs,MLB,,27,N/A,L,R
2022,68,Andy Pages,OF,Los Angeles Dodgers,MLB,,24,N/A,R,R
2022,69,JJ Bleday,OF,Athletics,MLB,,27,N/A,L,L
2022,70,Sal Frelick,OF,Milwaukee Brewers,MLB,,24,N/A,L,R
2022,71,Roansy Contreras,RHP,Baltimore Orioles,MLB,,25,N/A,R,R
2022,72,Asa Lacy,LHP,Kansas City Royals,AA,,25,N/A,L,L
2022,73,Gabriel Arias,INF,Cleveland Guardians,MLB,,24,N/A,R,R
2022,74,Taj Bradley,RHP,Tampa Bay Rays,MLB,,23,N/A,R,R
2022,75,Kyle Harrison,LHP,San Francisco Giants,MLB,,23,N/A,R,L
2022,76,Elly De La Cruz,SS/3B,Cincinnati Reds,MLB,,23,N/A,S,R
2022,77,Vidal Bruján,OF/2B/SS,Chicago Cubs,MLB,,26,N/A,S,R
2022,78,Ronny Mauricio,2B/SS/OF,New York Mets,MLB,,23,N/A,S,R
2022,79,Liover Peguero,SS,Pittsburgh Pirates,MLB,,24,N/A,R,R
2022,80,Jordan Groshans,3B/SS,Kansas City Royals,AAA,,25,N/A,R,R
2022,81,Mick Abel,RHP,Philadelphia Phillies,MLB,,23,N/A,R,R
2022,82,Emerson Hancock,RHP,Seattle Mariners,MLB,,25,N/A,R,R
2022,83,Ezequiel Duran,INF,Texas Rangers,MLB,,25,N/A,R,R
2022,84,Brayan Rocchio,SS/2B,Cleveland Guardians,MLB,,24,N/A,S,R
2022,85,Jarren Duran,OF,Boston Red Sox,MLB,,28,N/A,L,R
2022,86,MacKenzie Gore,LHP,Washington Nationals,MLB,,25,N/A,L,L
2022,87,Matt McLain,SS/2B,Cincinnati Reds,MLB,,25,N/A,R,R
2022,88,Tyler Freeman,SS/2B,Cleveland Guardians,MLB,,25,N/A,R,R
2022,89,Justin Foscue,2B/3B/1B,Texas Rangers,MLB,,25,N/A,R,R
2022,90,DL Hall,LHP,Milwaukee Brewers,MLB,,26,N/A,L,L
2022,91,Greg Jones,OF/SS,Colorado Rockies,MLB,,26,N/A,S,R
2022,92,Cristian Hernandez,SS/2B,Chicago Cubs,A+,,21,N/A,R,R
2022,93,Harry Ford,C,Seattle Mariners,AA,,21,N/A,R,R
2022,94,Miguel Vargas,3B/OF/1B,Chicago White Sox,MLB,,25,N/A,R,R
2022,95,Jose Miranda,3B/2B/1B,Minnesota Twins,MLB,,26,N/A,R,R
2022,96,Austin Wells,C,New York Yankees,MLB,,25,N/A,L,R
2022,97,Joe Ryan,RHP,Minnesota Twins,MLB,,28,N/A,R,R
2022,98,Matt Brash,RHP,Seattle Mariners,MLB,,26,N/A,R,R
2022,99,Blake Walston,LHP,Arizona Diamondbacks,MLB,,23,N/A,L,L
2022,100,Joey Wiemer,OF,Kansas City Royals,MLB,,25,N/A,R,R
2023,1,Gunnar Henderson,3B/SS,Baltimore Orioles,MLB,,23,N/A,L,R
2023,2,Corbin Carroll,OF,Arizona Diamondbacks,MLB,,24,N/A,L,L
2023,3,Francisco Alvarez,C,New York Mets,MLB,,23,N/A,R,R
2023,4,Jordan Walker,OF/3B,St. Louis Cardinals,MLB,,22,N/A,R,R
2023,5,Anthony Volpe,SS,New York Yankees,MLB,,23,N/A,R,R
2023,6,Andrew Painter,RHP,Philadelphia Phillies,AA,,21,N/A,R,R
2023,7,Grayson Rodriguez,RHP,Baltimore Orioles,MLB,,25,N/A,L,R
2023,8,Jackson Chourio,OF,Milwaukee Brewers,MLB,,20,N/A,R,R
2023,9,Marcelo Mayer,SS,Boston Red Sox,AAA,,22,N/A,L,R
2023,10,Elly De La Cruz,SS/3B,Cincinnati Reds,MLB,,23,N/A,S,R
2023,11,Jordan Lawlar,SS,Arizona Diamondbacks,MLB,,22,N/A,R,R
2023,12,Jackson Holliday,2B/SS,Baltimore Orioles,MLB,,21,N/A,L,R
2023,13,Eury Pérez,RHP,Miami Marlins,MLB,,21,N/A,R,R
2023,14,Diego Cartaya,C,Minnesota Twins,MLB,,23,N/A,R,R
2023,15,Druw Jones,OF,Arizona Diamondbacks,A,,21,N/A,R,R
2023,16,Daniel Espino,RHP,Cleveland Guardians,MLB,,24,N/A,R,R
2023,17,James Wood,OF,Washington Nationals,MLB,,22,N/A,L,R
2023,18,Kyle Harrison,LHP,San Francisco Giants,MLB,,23,N/A,R,L
2023,19,Jackson Merrill,SS/OF,San Diego Padres,MLB,,21,N/A,L,R
2023,20,Taj Bradley,RHP,Tampa Bay Rays,MLB,,23,N/A,R,R
2023,21,Brett Baty,3B/OF,New York Mets,MLB,,25,N/A,L,R
2023,22,Marco Luciano,SS,San Francisco Giants,MLB,,23,N/A,R,R
2023,23,Triston Casas,1B,Boston Red Sox,MLB,,25,N/A,L,R
2023,24,Bobby Miller,RHP,Los Angeles Dodgers,MLB,,25,N/A,L,R
2023,25,Ezequiel Tovar,SS,Colorado Rockies,MLB,,23,N/A,R,R
2023,26,Termarr Johnson,2B/SS,Pittsburgh Pirates,AA,,20,N/A,L,R
2023,27,Zac Veen,OF,Colorado Rockies,MLB,,23,N/A,L,R
2023,28,Pete Crow-Armstrong,OF,Chicago Cubs,MLB,,22,N/A,L,L
2023,29,Noelvi Marte,3B/SS,Cincinnati Reds,MLB,,23,N/A,R,R
2023,30,Sal Frelick,OF,Milwaukee Brewers,MLB,,24,N/A,L,R
2023,31,Brooks Lee,INF,Minnesota Twins,MLB,,23,N/A,S,R
2023,32,Ricky Tiedemann,LHP,Toronto Blue Jays,AAA,,22,N/A,L,L
2023,33,Curtis Mead,3B/2B,Tampa Bay Rays,MLB,,24,N/A,R,R
2023,34,Josh Jung,3B,Texas Rangers,MLB,,26,N/A,R,R
2023,35,Robert Hassell III,OF,Washington Nationals,MLB,,23,N/A,L,L
2023,36,Kevin Parada,C,New York Mets,AA,,23,N/A,R,R
2023,37,Miguel Vargas,3B/OF/1B,Chicago White Sox,MLB,,25,N/A,R,R
2023,38,Colson Montgomery,SS,Chicago White Sox,MLB,,22,N/A,L,R
2023,39,Tyler Soderstrom,C/1B,Athletics,MLB,,23,N/A,L,R
2023,40,Colton Cowser,OF,Baltimore Orioles,MLB,,24,N/A,L,R
2023,41,Evan Carter,OF,Texas Rangers,MLB,,22,N/A,L,R
2023,42,Gavin Williams,RHP,Cleveland Guardians,MLB,,25,N/A,L,R
2023,43,Hunter Brown,RHP,Houston Astros,MLB,,26,N/A,R,R
2023,44,Edwin Arroyo,SS,Cincinnati Reds,AA,,21,N/A,S,R
2023,45,Royce Lewis,SS,Minnesota Twins,MLB,,25,N/A,R,R
2023,46,Elijah Green,OF,Washington Nationals,A,,21,N/A,R,R
2023,47,Jasson Domínguez,OF,New York Yankees,MLB,,22,N/A,S,R
2023,48,Mick Abel,RHP,Philadelphia Phillies,MLB,,23,N/A,R,R
2023,49,Harry Ford,C,Seattle Mariners,AA,,21,N/A,R,R
2023,50,Masyn Winn,SS,St. Louis Cardinals,MLB,,22,N/A,R,R
2023,51,George Valera,OF,Cleveland Guardians,AAA,,24,N/A,L,L
2023,52,Oswald Peraza,SS/2B,New York Yankees,MLB,,24,N/A,R,R
2023,53,Logan O'Hoppe,C,Los Angeles Angels,MLB,,24,N/A,R,R
2023,54,Michael Busch,INF,Chicago Cubs,MLB,,27,N/A,L,R
2023,55,Endy Rodríguez,C/1B,Pittsburgh Pirates,MLB,,24,N/A,S,R
2023,56,Gavin Stone,RHP,Los Angeles Dodgers,MLB,,26,N/A,R,R
2023,57,Henry Davis,C,Pittsburgh Pirates,MLB,,25,N/A,R,R
2023,58,Cade Cavalli,RHP,Washington Nationals,MLB,,26,N/A,R,R
2023,59,Brandon Pfaadt,RHP,Arizona Diamondbacks,MLB,,26,N/A,R,R
2023,60,Quinn Priester,RHP,Boston Red Sox,MLB,,24,N/A,R,R
2023,61,Jacob Berry,OF/3B,Miami Marlins,AAA,,23,N/A,S,R
2023,62,Gavin Cross,OF,Kansas City Royals,AA,,23,N/A,L,L
2023,63,Jackson Jobe,RHP,Detroit Tigers,MLB,,22,N/A,R,R
2023,64,Bo Naylor,C,Cleveland Guardians,MLB,,24,N/A,L,R
2023,65,Tanner Bibee,RHP,Cleveland Guardians,MLB,,25,N/A,R,R
2023,66,Owen White,RHP,New York Yankees,MLB,,25,N/A,R,R
2023,67,Max Meyer,RHP,Miami Marlins,MLB,,25,N/A,L,R
2023,68,Adael Amador,2B,Colorado Rockies,MLB,,21,N/A,S,R
2023,69,Cam Collier,3B,Cincinnati Reds,A+,,20,N/A,L,R
2023,70,Ryan Pepiot,RHP,Tampa Bay Rays,MLB,,27,N/A,R,R
2023,71,Luisangel Acuña,SS/OF/2B,New York Mets,MLB,,22,N/A,R,R
2023,72,Carson Williams,SS,Tampa Bay Rays,AA,,21,N/A,R,R
2023,73,Kyle Manzardo,1B,Cleveland Guardians,MLB,,24,N/A,L,R
2023,74,Jordan Westburg,INF,Baltimore Orioles,MLB,,25,N/A,R,R
2023,75,Brayan Rocchio,SS/2B,Cleveland Guardians,MLB,,24,N/A,S,R
2023,76,Ken Waldichuk,LHP,Athletics,MLB,,27,N/A,L,L
2023,77,Tink Hence,RHP,St. Louis Cardinals,MLB,,22,N/A,R,R
2023,78,Jack Leiter,RHP,Texas Rangers,MLB,,24,N/A,R,R
2023,79,Gordon Graceffo,RHP,St. Louis Cardinals,MLB,,24,N/A,R,R
2023,80,Heston Kjerstad,OF,Baltimore Orioles,MLB,,25,N/A,L,R
2023,81,Andy Pages,OF,Los Angeles Dodgers,MLB,,24,N/A,R,R
2023,82,Chase DeLauter,OF,Cleveland Guardians,AAA,,23,N/A,L,L
2023,83,Jace Jung,3B/2B,Detroit Tigers,MLB,,24,N/A,L,R
2023,84,Drew Romo,C,Colorado Rockies,MLB,,23,N/A,S,R
2023,85,Oscar Colás,OF,Chicago White Sox,MLB,,26,N/A,L,L
2023,86,Ceddanne Rafaela,OF/SS,Boston Red Sox,MLB,,24,N/A,R,R
2023,87,Kevin Alcántara,OF,Chicago Cubs,MLB,,22,N/A,R,R
2023,88,Emmanuel Rodriguez,OF,Minnesota Twins,MLB,,21,N/A,L,L
2023,89,Zach Neto,SS,Los Angeles Angels,MLB,,24,N/A,R,R
2023,90,Joey Wiemer,OF,Kansas City Royals,MLB,,25,N/A,R,R
2023,91,Alec Burleson,OF,St. Louis Cardinals,MLB,,26,N/A,L,L
2023,92,Brennen Davis,OF,New York Yankees,AAA,,25,N/A,R,R
2023,93,Miguel Bleis,OF,Boston Red Sox,A+,,20,N/A,R,R
2023,94,Brock Porter,RHP,Texas Rangers,ROK,,21,N/A,R,R
2023,95,Wilmer Flores,RHP,Detroit Tigers,AAA,,23,N/A,R,R
2023,96,Alex Ramírez,OF,New York Mets,AAA,,22,N/A,R,R
2023,97,DL Hall,LHP,Milwaukee Brewers,MLB,,26,N/A,L,L
2023,98,Bryce Miller,RHP,Seattle Mariners,MLB,,26,N/A,R,R
2023,99,Joey Ortiz,INF,Milwaukee Brewers,MLB,,26,N/A,R,R
2023,100,Dylan Lesko,RHP,Tampa Bay Rays,A+,,21,N/A,R,R
2024,1,Jackson Holliday,2B/SS,Baltimore Orioles,MLB,,21,N/A,L,R
2024,2,Jackson Chourio,OF,Milwaukee Brewers,MLB,,20,N/A,R,R
2024,3,Paul Skenes,RHP,Pittsburgh Pirates,MLB,,22,N/A,R,R
2024,4,Junior Caminero,3B/2B,Tampa Bay Rays,MLB,,21,N/A,R,R
2024,5,Evan Carter,OF,Texas Rangers,MLB,,22,N/A,L,R
2024,6,Wyatt Langford,OF,Texas Rangers,MLB,,23,N/A,R,R
2024,7,Dylan Crews,OF,Washington Nationals,MLB,,22,N/A,R,R
2024,8,Ethan Salas,C,San Diego Padres,A+,,18,N/A,L,R
2024,9,Colson Montgomery,SS,Chicago White Sox,MLB,,22,N/A,L,R
2024,10,Walker Jenkins,OF,Minnesota Twins,AA,,19,N/A,L,R
2024,11,Jordan Lawlar,SS,Arizona Diamondbacks,MLB,,22,N/A,R,R
2024,12,Jackson Merrill,SS/OF,San Diego Padres,MLB,,21,N/A,L,R
2024,13,Max Clark,OF,Detroit Tigers,A+,,20,N/A,L,L
2024,14,James Wood,OF,Washington Nationals,MLB,,22,N/A,L,R
2024,15,Marcelo Mayer,SS,Boston Red Sox,AAA,,22,N/A,L,R
2024,16,Pete Crow-Armstrong,OF,Chicago Cubs,MLB,,22,N/A,L,L
2024,17,Samuel Basallo,C/1B,Baltimore Orioles,AAA,,20,N/A,L,R
2024,18,Brooks Lee,INF,Minnesota Twins,MLB,,23,N/A,S,R
2024,19,Colton Cowser,OF,Baltimore Orioles,MLB,,24,N/A,L,R
2024,20,Carson Williams,SS,Tampa Bay Rays,AA,,21,N/A,R,R
2024,21,Noelvi Marte,3B/SS,Cincinnati Reds,MLB,,23,N/A,R,R
2024,22,Colt Keith,3B/2B,Detroit Tigers,MLB,,23,N/A,L,R
2024,23,Kyle Harrison,LHP,San Francisco Giants,MLB,,23,N/A,R,L
2024,24,Roman Anthony,OF,Boston Red Sox,AAA,,20,N/A,L,R
2024,25,Jackson Jobe,RHP,Detroit Tigers,MLB,,22,N/A,R,R
2024,26,Cade Horton,RHP,Chicago Cubs,AAA,,23,N/A,R,R
2024,27,Andrew Painter,RHP,Philadelphia Phillies,AA,,21,N/A,R,R
2024,28,Adael Amador,2B,Colorado Rockies,MLB,,21,N/A,S,R
2024,29,Ricky Tiedemann,LHP,Toronto Blue Jays,AAA,,22,N/A,L,L
2024,30,Coby Mayo,3B/1B,Baltimore Orioles,MLB,,23,N/A,R,R
2024,31,Chase DeLauter,OF,Cleveland Guardians,AAA,,23,N/A,L,L
2024,32,Heston Kjerstad,OF,Baltimore Orioles,MLB,,25,N/A,L,R
2024,33,Jacob Misiorowski,RHP,Milwaukee Brewers,AAA,,22,N/A,R,R
2024,34,Rhett Lowder,RHP,Cincinnati Reds,MLB,,22,N/A,R,R
2024,35,Jeferson Quero,C,Milwaukee Brewers,MLB,,22,N/A,R,R
2024,36,Robby Snelling,LHP,Miami Marlins,AAA,,21,N/A,R,L
2024,37,Cole Young,SS/2B,Seattle Mariners,AA,,21,N/A,L,R
2024,38,Harry Ford,C,Seattle Mariners,AA,,21,N/A,R,R
2024,39,Marco Luciano,SS,San Francisco Giants,MLB,,23,N/A,R,R
2024,40,Kyle Teel,C,Chicago White Sox,AAA,,22,N/A,L,R
2024,41,Jasson Domínguez,OF,New York Yankees,MLB,,22,N/A,S,R
2024,42,Emmanuel Rodriguez,OF,Minnesota Twins,MLB,,21,N/A,L,L
2024,43,Masyn Winn,SS,St. Louis Cardinals,MLB,,22,N/A,R,R
2024,44,Termarr Johnson,2B/SS,Pittsburgh Pirates,AA,,20,N/A,L,R
2024,45,Jett Williams,SS/OF,New York Mets,AAA,,21,N/A,R,R
2024,46,Tyler Black,1B,Milwaukee Brewers,MLB,,24,N/A,L,R
2024,47,Owen Caissie,OF,Chicago Cubs,MLB,,22,N/A,L,R
2024,48,Brady House,3B,Washington Nationals,AAA,,21,N/A,R,R
2024,49,Mick Abel,RHP,Philadelphia Phillies,MLB,,23,N/A,R,R
2024,50,Noah Schultz,LHP,Chicago White Sox,AA,,21,N/A,L,L
2024,51,Michael Busch,INF,Chicago Cubs,MLB,,27,N/A,L,R
2024,52,Chase Dollander,RHP,Colorado Rockies,AA,,23,N/A,R,R
2024,53,Drew Gilbert,OF,New York Mets,AAA,,24,N/A,L,L
2024,54,Matt Shaw,INF,Chicago Cubs,AAA,,23,N/A,R,R
2024,55,Curtis Mead,3B/2B,Tampa Bay Rays,MLB,,24,N/A,R,R
2024,56,Dylan Lesko,RHP,Tampa Bay Rays,A+,,21,N/A,R,R
2024,57,Noble Meyer,RHP,Miami Marlins,A+,,20,N/A,R,R
2024,58,Xavier Isaac,1B,Tampa Bay Rays,AA,,21,N/A,L,L
2024,59,Kyle Manzardo,1B,Cleveland Guardians,MLB,,24,N/A,L,R
2024,60,Jace Jung,3B/2B,Detroit Tigers,MLB,,24,N/A,L,R
2024,61,Aidan Miller,SS,Philadelphia Phillies,AA,,20,N/A,R,R
2024,62,Jared Jones,RHP,Pittsburgh Pirates,MLB,,23,N/A,L,R
2024,63,Joey Ortiz,INF,Milwaukee Brewers,MLB,,26,N/A,R,R
2024,64,Tink Hence,RHP,St. Louis Cardinals,MLB,,22,N/A,R,R
2024,65,Kevin Alcántara,OF,Chicago Cubs,MLB,,22,N/A,R,R
2024,66,Luisangel Acuña,SS/OF/2B,New York Mets,MLB,,22,N/A,R,R
2024,67,Edwin Arroyo,SS,Cincinnati Reds,AA,,21,N/A,S,R
2024,68,Jacob Wilson,SS,Athletics,MLB,,22,N/A,R,R
2024,69,AJ Smith-Shawver,RHP,Atlanta Braves,MLB,,22,N/A,R,R
2024,70,Connor Phillips,RHP,Cincinnati Reds,MLB,,23,N/A,R,R
2024,71,Sebastian Walcott,SS/3B,Texas Rangers,AA,,18,N/A,R,R
2024,72,Yanquiel Fernandez,OF,Colorado Rockies,MLB,,22,N/A,L,L
2024,73,James Triantos,2B/OF,Chicago Cubs,AAA,,22,N/A,R,R
2024,74,Tommy Troy,SS,Arizona Diamondbacks,A+,,23,N/A,R,R
2024,75,Dalton Rushing,C/OF,Los Angeles Dodgers,AAA,,23,N/A,L,R
2024,76,Ceddanne Rafaela,OF/SS,Boston Red Sox,MLB,,24,N/A,R,R
2024,77,Justin Crawford,OF,Philadelphia Phillies,AA,,21,N/A,L,R
2024,78,Druw Jones,OF,Arizona Diamondbacks,A,,21,N/A,R,R
2024,79,Gabriel Gonzalez,OF,Minnesota Twins,A+,,21,N/A,R,R
2024,80,Nick Frasso,RHP,Los Angeles Dodgers,MLB,,26,N/A,R,R
2024,81,Jordan Beck,OF,Colorado Rockies,MLB,,23,N/A,R,R
2024,82,Anthony Solometo,LHP,Pittsburgh Pirates,AA,,22,N/A,L,L
2024,83,Carson Whisenhunt,LHP,San Francisco Giants,AAA,,24,N/A,L,L
2024,84,Spencer Jones,OF,New York Yankees,AA,,23,N/A,L,L
2024,85,Drew Thorpe,RHP,Chicago White Sox,MLB,,24,N/A,L,R
2024,86,Roderick Arias,SS/2B,New York Yankees,A,,20,N/A,S,R
2024,87,Colt Emerson,SS/3B,Seattle Mariners,A+,,19,N/A,L,R
2024,88,Brock Porter,RHP,Texas Rangers,ROK,,21,N/A,R,R
2024,89,Orelvis Martinez,2B/3B,Toronto Blue Jays,MLB,,23,N/A,R,R
2024,90,Hurston Waldrep,RHP,Atlanta Braves,MLB,,22,N/A,R,R
2024,91,Brayan Rocchio,SS/2B,Cleveland Guardians,MLB,,24,N/A,S,R
2024,92,Chase Hampton,RHP,New York Yankees,AA,,23,N/A,R,R
2024,93,Bubba Chandler,RHP,Pittsburgh Pirates,AAA,,22,N/A,S,R
2024,94,Blake Mitchell,C,Kansas City Royals,A+,,20,N/A,L,R
2024,95,Nolan Schanuel,1B,Los Angeles Angels,MLB,,22,N/A,L,R
2024,96,Bryce Eldridge,1B,San Francisco Giants,AAA,,20,N/A,L,R
2024,97,Ryan Clifford,1B/OF,New York Mets,AA,,21,N/A,L,L
2024,98,Chase Petty,RHP,Cincinnati Reds,AAA,,21,N/A,R,R
2024,99,Tekoah Roby,RHP,St. Louis Cardinals,MLB,,23,N/A,R,R
2024,100,Daniel Espino,RHP,Cleveland Guardians,MLB,,24,N/A,R,R
